-- phpMyAdmin SQL Dump
-- version 4.1.14
-- http://www.phpmyadmin.net
--
-- Host: 127.0.0.1
-- Generation Time: Apr 09, 2015 at 07:01 AM
-- Server version: 5.6.17
-- PHP Version: 5.5.12

SET SQL_MODE = "NO_AUTO_VALUE_ON_ZERO";
SET time_zone = "+00:00";


/*!40101 SET @OLD_CHARACTER_SET_CLIENT=@@CHARACTER_SET_CLIENT */;
/*!40101 SET @OLD_CHARACTER_SET_RESULTS=@@CHARACTER_SET_RESULTS */;
/*!40101 SET @OLD_COLLATION_CONNECTION=@@COLLATION_CONNECTION */;
/*!40101 SET NAMES utf8 */;

--
-- Database: `clinica`
--

-- --------------------------------------------------------

--
-- Table structure for table `area`
--

CREATE TABLE IF NOT EXISTS `area` (
  `id` int(11) NOT NULL AUTO_INCREMENT,
  `nombre` varchar(45) NOT NULL,
  `descripcion` varchar(255) DEFAULT NULL,
  PRIMARY KEY (`id`)
) ENGINE=InnoDB  DEFAULT CHARSET=utf8 AUTO_INCREMENT=3 ;

--
-- Dumping data for table `area`
--

INSERT INTO `area` (`id`, `nombre`, `descripcion`) VALUES
(1, 'Estética', ''),
(2, 'Wellness', '');

-- --------------------------------------------------------

--
-- Table structure for table `categoria_servicio`
--

CREATE TABLE IF NOT EXISTS `categoria_servicio` (
  `id` int(11) NOT NULL AUTO_INCREMENT,
  `nombre` varchar(45) NOT NULL,
  PRIMARY KEY (`id`)
) ENGINE=InnoDB  DEFAULT CHARSET=utf8 AUTO_INCREMENT=8 ;

--
-- Dumping data for table `categoria_servicio`
--

INSERT INTO `categoria_servicio` (`id`, `nombre`) VALUES
(4, 'Facial'),
(5, 'Corporal'),
(6, 'Depilación'),
(7, 'Relax');

-- --------------------------------------------------------

--
-- Table structure for table `cita`
--

CREATE TABLE IF NOT EXISTS `cita` (
  `id` bigint(19) unsigned NOT NULL AUTO_INCREMENT,
  `fecha` date NOT NULL,
  `hora_inicio` timestamp NULL DEFAULT NULL,
  `hora_fin` timestamp NULL DEFAULT NULL,
  `estado` tinyint(4) DEFAULT '0',
  `doctor_id` int(10) unsigned NOT NULL,
  `paciente_id` int(10) unsigned NOT NULL,
  `servicio_id` int(11) NOT NULL,
  `consultorio_id` int(11) NOT NULL,
  `usuario_id` int(11) DEFAULT NULL,
  `created_at` datetime DEFAULT NULL,
  `updated_at` datetime DEFAULT NULL,
  PRIMARY KEY (`id`,`paciente_id`,`servicio_id`,`consultorio_id`),
  KEY `fk_cita_usuario1_idx` (`doctor_id`),
  KEY `fk_cita_paciente1_idx` (`paciente_id`),
  KEY `fk_cita_servicio1_idx` (`servicio_id`),
  KEY `fk_cita_consultorio1_idx` (`consultorio_id`)
) ENGINE=InnoDB  DEFAULT CHARSET=utf8 AUTO_INCREMENT=28 ;

--
-- Dumping data for table `cita`
--

INSERT INTO `cita` (`id`, `fecha`, `hora_inicio`, `hora_fin`, `estado`, `doctor_id`, `paciente_id`, `servicio_id`, `consultorio_id`, `usuario_id`, `created_at`, `updated_at`) VALUES
(11, '2015-04-06', '2015-04-06 17:30:00', '2015-04-06 18:00:00', 3, 5, 7, 89, 12, 18, '2015-04-08 10:43:36', '2015-04-08 10:45:36'),
(12, '2015-04-15', '2015-04-15 18:30:00', '2015-04-15 19:00:00', 3, 5, 13, 89, 11, 18, '2015-04-08 10:47:34', '2015-04-08 22:02:37'),
(13, '2015-04-15', '2015-04-15 17:30:00', '2015-04-15 18:00:00', 0, 5, 12, 89, 11, 18, '2015-04-08 10:56:23', '2015-04-08 10:56:23'),
(14, '2015-04-08', '2015-04-08 17:40:00', '2015-04-08 18:10:00', 1, 6, 12, 89, 11, 18, '2015-04-08 10:58:13', '2015-04-08 11:00:58'),
(15, '2015-04-11', '2015-04-11 23:30:00', '2015-04-12 00:00:00', 0, 5, 12, 89, 11, 18, '2015-04-08 10:58:37', '2015-04-08 11:03:39'),
(16, '2015-04-09', '2015-04-09 18:00:00', '2015-04-09 20:00:00', 0, 5, 19, 97, 5, 18, '2015-04-08 11:50:59', '2015-04-08 11:50:59'),
(17, '2015-04-09', '2015-04-09 17:00:00', '2015-04-09 18:00:00', 0, 5, 20, 5, 4, 17, '2015-04-08 11:59:49', '2015-04-08 11:59:49'),
(18, '2015-04-09', '2015-04-09 17:00:00', '2015-04-09 17:30:00', 0, 7, 21, 88, 8, 17, '2015-04-08 12:03:46', '2015-04-08 12:03:46'),
(20, '2015-04-09', '2015-04-09 17:30:00', '2015-04-09 18:00:00', 0, 7, 21, 89, 8, 17, '2015-04-08 12:07:53', '2015-04-08 12:07:53'),
(21, '2015-04-09', '2015-04-09 18:00:00', '2015-04-09 19:00:00', 0, 7, 21, 92, 8, 17, '2015-04-08 12:10:01', '2015-04-08 12:10:01'),
(22, '2015-04-09', '2015-04-10 01:00:00', '2015-04-10 01:00:00', 0, 7, 22, 96, 12, 17, '2015-04-08 12:11:42', '2015-04-08 12:12:08'),
(23, '2015-04-09', '2015-04-09 23:30:00', '2015-04-10 00:30:00', 0, 12, 23, 5, 4, 18, '2015-04-08 12:30:13', '2015-04-08 12:30:13'),
(24, '2015-04-09', '2015-04-09 19:30:00', '2015-04-09 20:30:00', 0, 11, 24, 5, 4, 18, '2015-04-08 12:36:44', '2015-04-08 12:36:44'),
(25, '2015-04-10', '2015-04-10 20:00:00', '2015-04-10 20:30:00', 0, 11, 24, 11, 4, 18, '2015-04-08 12:38:38', '2015-04-08 23:56:16'),
(26, '2015-04-09', '2015-04-09 18:50:00', '2015-04-09 19:20:00', 3, 11, 24, 11, 4, 18, '2015-04-08 12:38:49', '2015-04-08 12:39:28');

-- --------------------------------------------------------

--
-- Stand-in structure for view `citas`
--
CREATE TABLE IF NOT EXISTS `citas` (
`id` bigint(19) unsigned
,`fecha` date
,`hora_inicio` timestamp
,`hora_fin` timestamp
,`estado` tinyint(4)
,`nombre_paciente` varchar(45)
,`apellido_paciente` varchar(45)
,`cedula_paciente` varchar(10)
,`nombre_doctor` varchar(45)
,`apellido_doctor` varchar(45)
,`cedula_doctor` varchar(10)
);
-- --------------------------------------------------------

--
-- Table structure for table `consultorio`
--

CREATE TABLE IF NOT EXISTS `consultorio` (
  `id` int(11) NOT NULL AUTO_INCREMENT,
  `nombre` varchar(45) NOT NULL,
  `descripcion` varchar(255) DEFAULT NULL,
  `capacidad` int(11) NOT NULL DEFAULT '1',
  `area_id` int(11) NOT NULL,
  PRIMARY KEY (`id`,`area_id`),
  KEY `fk_consultorio_area1_idx` (`area_id`)
) ENGINE=InnoDB  DEFAULT CHARSET=utf8 AUTO_INCREMENT=17 ;

--
-- Dumping data for table `consultorio`
--

INSERT INTO `consultorio` (`id`, `nombre`, `descripcion`, `capacidad`, `area_id`) VALUES
(4, 'Cab 1', '', 1, 1),
(5, 'Cab 2', '', 1, 1),
(6, 'Cab 3', '', 1, 1),
(7, 'Cab 4', '', 1, 1),
(8, 'Cab 5', '', 1, 1),
(9, 'Cab 6', '', 1, 1),
(10, 'Cab 7', '', 1, 1),
(11, 'Cab 8', '', 1, 1),
(12, 'Cab 9', '', 1, 1),
(13, 'Individual', '', 1, 2),
(14, 'Doble', '', 2, 2),
(15, 'Individual Paraban', '', 2, 2),
(16, 'Piscina', '', 20, 2);

-- --------------------------------------------------------

--
-- Table structure for table `consultorio_servicio`
--

CREATE TABLE IF NOT EXISTS `consultorio_servicio` (
  `consultorio_id` int(11) NOT NULL,
  `servicio_id` int(11) NOT NULL,
  PRIMARY KEY (`consultorio_id`,`servicio_id`),
  KEY `fk_consultorio_servicio_servicio1_idx` (`servicio_id`)
) ENGINE=InnoDB DEFAULT CHARSET=utf8;

--
-- Dumping data for table `consultorio_servicio`
--

INSERT INTO `consultorio_servicio` (`consultorio_id`, `servicio_id`) VALUES
(4, 3),
(6, 4),
(4, 5),
(6, 6),
(7, 7),
(11, 8),
(4, 9),
(5, 9),
(6, 9),
(7, 9),
(8, 9),
(9, 9),
(10, 9),
(11, 9),
(12, 9),
(11, 10),
(4, 11),
(5, 11),
(6, 11),
(7, 11),
(8, 11),
(9, 11),
(10, 11),
(11, 11),
(12, 11),
(13, 11),
(14, 11),
(15, 11),
(4, 12),
(5, 12),
(6, 12),
(7, 12),
(8, 12),
(9, 12),
(10, 12),
(11, 12),
(12, 12),
(13, 12),
(14, 12),
(15, 12),
(4, 13),
(5, 13),
(6, 13),
(7, 13),
(8, 13),
(9, 13),
(10, 13),
(11, 13),
(12, 13),
(13, 13),
(14, 13),
(15, 13),
(9, 14),
(9, 15),
(9, 16),
(9, 17),
(9, 18),
(9, 19),
(9, 20),
(9, 21),
(9, 22),
(9, 23),
(9, 24),
(9, 25),
(9, 26),
(9, 27),
(9, 28),
(9, 29),
(9, 30),
(9, 31),
(9, 32),
(10, 33),
(10, 34),
(10, 35),
(10, 36),
(10, 37),
(10, 38),
(10, 39),
(10, 40),
(10, 41),
(10, 42),
(10, 43),
(10, 44),
(10, 45),
(10, 46),
(10, 47),
(10, 48),
(10, 49),
(10, 50),
(10, 51),
(10, 52),
(9, 53),
(9, 54),
(9, 55),
(9, 56),
(9, 57),
(9, 58),
(9, 59),
(9, 60),
(9, 61),
(9, 62),
(9, 63),
(9, 64),
(9, 65),
(9, 66),
(9, 67),
(9, 68),
(9, 69),
(11, 70),
(11, 71),
(11, 72),
(11, 73),
(11, 75),
(11, 76),
(11, 77),
(11, 78),
(11, 79),
(11, 80),
(11, 81),
(11, 82),
(11, 83),
(11, 84),
(11, 85),
(4, 88),
(5, 88),
(6, 88),
(7, 88),
(8, 88),
(9, 88),
(10, 88),
(11, 88),
(12, 88),
(13, 88),
(14, 88),
(15, 88),
(4, 89),
(5, 89),
(6, 89),
(7, 89),
(8, 89),
(9, 89),
(10, 89),
(11, 89),
(12, 89),
(13, 89),
(14, 89),
(15, 89),
(4, 90),
(5, 90),
(6, 90),
(7, 90),
(8, 90),
(9, 90),
(10, 90),
(11, 90),
(12, 90),
(13, 90),
(14, 90),
(15, 90),
(4, 91),
(5, 91),
(6, 91),
(7, 91),
(8, 91),
(9, 91),
(10, 91),
(11, 91),
(12, 91),
(13, 91),
(14, 91),
(15, 91),
(4, 92),
(5, 92),
(6, 92),
(7, 92),
(8, 92),
(9, 92),
(10, 92),
(11, 92),
(12, 92),
(13, 92),
(14, 92),
(15, 92),
(4, 93),
(5, 93),
(6, 93),
(7, 93),
(8, 93),
(9, 93),
(10, 93),
(11, 93),
(12, 93),
(13, 93),
(14, 93),
(15, 93),
(4, 94),
(5, 94),
(6, 94),
(7, 94),
(8, 94),
(9, 94),
(10, 94),
(11, 94),
(12, 94),
(13, 94),
(14, 94),
(15, 94),
(4, 95),
(5, 95),
(6, 95),
(7, 95),
(8, 95),
(9, 95),
(10, 95),
(11, 95),
(12, 95),
(13, 95),
(14, 95),
(15, 95),
(12, 96),
(5, 97),
(4, 98),
(5, 98),
(6, 98),
(7, 98),
(8, 98),
(9, 98),
(10, 98),
(11, 98),
(12, 98),
(13, 98),
(14, 98),
(15, 98),
(4, 99),
(5, 99),
(6, 99),
(7, 99),
(8, 99),
(9, 99),
(10, 99),
(11, 99),
(12, 99),
(13, 99),
(14, 99),
(15, 99),
(4, 100),
(5, 100),
(6, 100),
(7, 100),
(8, 100),
(9, 100),
(10, 100),
(11, 100),
(12, 100),
(13, 100),
(14, 100),
(15, 100),
(5, 101),
(12, 101),
(5, 102),
(12, 102),
(5, 103),
(12, 103),
(5, 104),
(12, 104),
(5, 105),
(12, 105),
(5, 106),
(12, 106),
(5, 107),
(12, 107),
(5, 108),
(12, 108),
(5, 109),
(12, 109),
(12, 110),
(12, 111);

-- --------------------------------------------------------

--
-- Table structure for table `disponibilidad`
--

CREATE TABLE IF NOT EXISTS `disponibilidad` (
  `id` int(11) NOT NULL AUTO_INCREMENT,
  `inicio` datetime NOT NULL,
  `fin` datetime NOT NULL,
  `disponible` tinyint(1) NOT NULL DEFAULT '1',
  `usuario_id` int(10) unsigned NOT NULL,
  `fijo` tinyint(1) NOT NULL DEFAULT '0',
  PRIMARY KEY (`id`),
  KEY `fk_disponibilidad_usuario1_idx` (`usuario_id`)
) ENGINE=InnoDB  DEFAULT CHARSET=utf8 AUTO_INCREMENT=734 ;

--
-- Dumping data for table `disponibilidad`
--

INSERT INTO `disponibilidad` (`id`, `inicio`, `fin`, `disponible`, `usuario_id`, `fijo`) VALUES
(31, '2015-04-06 08:30:00', '2015-04-06 16:30:00', 1, 5, 0),
(32, '2015-04-07 08:30:00', '2015-04-07 16:30:00', 1, 5, 0),
(33, '2015-04-08 08:30:00', '2015-04-08 16:30:00', 1, 5, 0),
(34, '2015-04-09 08:30:00', '2015-04-09 16:30:00', 1, 5, 0),
(35, '2015-04-10 08:30:00', '2015-04-10 16:30:00', 1, 5, 0),
(36, '2015-04-11 08:00:00', '2015-04-11 15:00:00', 1, 5, 0),
(37, '2015-04-13 08:30:00', '2015-04-13 16:30:00', 1, 5, 0),
(38, '2015-04-20 08:30:00', '2015-04-20 16:30:00', 1, 5, 0),
(39, '2015-04-27 08:30:00', '2015-04-27 16:30:00', 1, 5, 0),
(40, '2015-04-14 08:30:00', '2015-04-14 16:30:00', 1, 5, 0),
(41, '2015-04-21 08:30:00', '2015-04-21 16:30:00', 1, 5, 0),
(42, '2015-04-28 08:30:00', '2015-04-28 16:30:00', 1, 5, 0),
(43, '2015-04-15 08:30:00', '2015-04-15 16:30:00', 1, 5, 0),
(44, '2015-04-22 08:30:00', '2015-04-22 16:30:00', 1, 5, 0),
(45, '2015-04-29 08:30:00', '2015-04-29 16:30:00', 1, 5, 0),
(46, '2015-04-16 08:30:00', '2015-04-16 16:30:00', 1, 5, 0),
(47, '2015-04-23 08:30:00', '2015-04-23 16:30:00', 1, 5, 0),
(48, '2015-04-30 08:30:00', '2015-04-30 16:30:00', 1, 5, 0),
(49, '2015-04-17 08:30:00', '2015-04-17 16:30:00', 1, 5, 0),
(50, '2015-04-24 08:30:00', '2015-04-24 16:30:00', 1, 5, 0),
(51, '2015-05-01 08:30:00', '2015-05-01 16:30:00', 1, 5, 0),
(52, '2015-04-18 08:00:00', '2015-04-18 15:00:00', 1, 5, 0),
(53, '2015-04-25 08:00:00', '2015-04-25 15:00:00', 1, 5, 0),
(54, '2015-05-02 08:00:00', '2015-05-02 15:00:00', 1, 5, 0),
(55, '2015-04-06 08:00:00', '2015-04-06 11:00:00', 1, 6, 0),
(56, '2015-04-06 14:00:00', '2015-04-06 16:00:00', 1, 6, 0),
(57, '2015-04-07 08:00:00', '2015-04-07 13:00:00', 1, 6, 0),
(58, '2015-04-08 08:00:00', '2015-04-08 16:00:00', 1, 6, 0),
(59, '2015-04-09 08:00:00', '2015-04-09 16:00:00', 1, 6, 0),
(61, '2015-04-10 09:30:00', '2015-04-10 16:00:00', 1, 6, 0),
(62, '2015-04-11 08:00:00', '2015-04-11 15:00:00', 1, 6, 0),
(63, '2015-04-13 08:00:00', '2015-04-13 11:00:00', 1, 6, 0),
(64, '2015-04-20 08:00:00', '2015-04-20 11:00:00', 1, 6, 0),
(65, '2015-04-27 08:00:00', '2015-04-27 11:00:00', 1, 6, 0),
(66, '2015-05-04 08:00:00', '2015-05-04 11:00:00', 1, 6, 0),
(67, '2015-05-11 08:00:00', '2015-05-11 11:00:00', 1, 6, 0),
(68, '2015-05-18 08:00:00', '2015-05-18 11:00:00', 1, 6, 0),
(69, '2015-05-25 08:00:00', '2015-05-25 11:00:00', 1, 6, 0),
(70, '2015-06-01 08:00:00', '2015-06-01 11:00:00', 1, 6, 0),
(71, '2015-06-08 08:00:00', '2015-06-08 11:00:00', 1, 6, 0),
(72, '2015-06-15 08:00:00', '2015-06-15 11:00:00', 1, 6, 0),
(73, '2015-06-22 08:00:00', '2015-06-22 11:00:00', 1, 6, 0),
(75, '2015-04-13 14:00:00', '2015-04-13 16:00:00', 1, 6, 0),
(76, '2015-04-20 14:00:00', '2015-04-20 16:00:00', 1, 6, 0),
(77, '2015-04-27 14:00:00', '2015-04-27 16:00:00', 1, 6, 0),
(78, '2015-05-04 14:00:00', '2015-05-04 16:00:00', 1, 6, 0),
(79, '2015-05-11 14:00:00', '2015-05-11 16:00:00', 1, 6, 0),
(80, '2015-05-18 14:00:00', '2015-05-18 16:00:00', 1, 6, 0),
(81, '2015-05-25 14:00:00', '2015-05-25 16:00:00', 1, 6, 0),
(82, '2015-06-01 14:00:00', '2015-06-01 16:00:00', 1, 6, 0),
(83, '2015-06-08 14:00:00', '2015-06-08 16:00:00', 1, 6, 0),
(84, '2015-06-15 14:00:00', '2015-06-15 16:00:00', 1, 6, 0),
(85, '2015-06-22 14:00:00', '2015-06-22 16:00:00', 1, 6, 0),
(87, '2015-04-14 08:00:00', '2015-04-14 13:00:00', 1, 6, 0),
(88, '2015-04-21 08:00:00', '2015-04-21 13:00:00', 1, 6, 0),
(89, '2015-04-28 08:00:00', '2015-04-28 13:00:00', 1, 6, 0),
(90, '2015-05-05 08:00:00', '2015-05-05 13:00:00', 1, 6, 0),
(91, '2015-05-12 08:00:00', '2015-05-12 13:00:00', 1, 6, 0),
(92, '2015-05-19 08:00:00', '2015-05-19 13:00:00', 1, 6, 0),
(93, '2015-05-26 08:00:00', '2015-05-26 13:00:00', 1, 6, 0),
(94, '2015-06-02 08:00:00', '2015-06-02 13:00:00', 1, 6, 0),
(95, '2015-06-09 08:00:00', '2015-06-09 13:00:00', 1, 6, 0),
(96, '2015-06-16 08:00:00', '2015-06-16 13:00:00', 1, 6, 0),
(97, '2015-06-23 08:00:00', '2015-06-23 13:00:00', 1, 6, 0),
(99, '2015-04-15 08:00:00', '2015-04-15 16:00:00', 1, 6, 0),
(100, '2015-04-22 08:00:00', '2015-04-22 16:00:00', 1, 6, 0),
(101, '2015-04-29 08:00:00', '2015-04-29 16:00:00', 1, 6, 0),
(102, '2015-05-06 08:00:00', '2015-05-06 16:00:00', 1, 6, 0),
(103, '2015-05-13 08:00:00', '2015-05-13 16:00:00', 1, 6, 0),
(104, '2015-05-20 08:00:00', '2015-05-20 16:00:00', 1, 6, 0),
(105, '2015-05-27 08:00:00', '2015-05-27 16:00:00', 1, 6, 0),
(106, '2015-06-03 08:00:00', '2015-06-03 16:00:00', 1, 6, 0),
(107, '2015-06-10 08:00:00', '2015-06-10 16:00:00', 1, 6, 0),
(108, '2015-06-17 08:00:00', '2015-06-17 16:00:00', 1, 6, 0),
(109, '2015-06-24 08:00:00', '2015-06-24 16:00:00', 1, 6, 0),
(110, '2015-04-16 08:00:00', '2015-04-16 16:00:00', 1, 6, 0),
(111, '2015-04-23 08:00:00', '2015-04-23 16:00:00', 1, 6, 0),
(112, '2015-04-30 08:00:00', '2015-04-30 16:00:00', 1, 6, 0),
(113, '2015-05-07 08:00:00', '2015-05-07 16:00:00', 1, 6, 0),
(114, '2015-05-14 08:00:00', '2015-05-14 16:00:00', 1, 6, 0),
(115, '2015-05-21 08:00:00', '2015-05-21 16:00:00', 1, 6, 0),
(116, '2015-05-28 08:00:00', '2015-05-28 16:00:00', 1, 6, 0),
(117, '2015-06-04 08:00:00', '2015-06-04 16:00:00', 1, 6, 0),
(118, '2015-06-11 08:00:00', '2015-06-11 16:00:00', 1, 6, 0),
(119, '2015-06-18 08:00:00', '2015-06-18 16:00:00', 1, 6, 0),
(120, '2015-06-25 08:00:00', '2015-06-25 16:00:00', 1, 6, 0),
(121, '2015-04-17 09:30:00', '2015-04-17 16:00:00', 1, 6, 0),
(122, '2015-04-24 09:30:00', '2015-04-24 16:00:00', 1, 6, 0),
(123, '2015-05-01 09:30:00', '2015-05-01 16:00:00', 1, 6, 0),
(124, '2015-05-08 09:30:00', '2015-05-08 16:00:00', 1, 6, 0),
(125, '2015-05-15 09:30:00', '2015-05-15 16:00:00', 1, 6, 0),
(126, '2015-05-22 09:30:00', '2015-05-22 16:00:00', 1, 6, 0),
(127, '2015-05-29 09:30:00', '2015-05-29 16:00:00', 1, 6, 0),
(128, '2015-06-05 09:30:00', '2015-06-05 16:00:00', 1, 6, 0),
(129, '2015-06-12 09:30:00', '2015-06-12 16:00:00', 1, 6, 0),
(130, '2015-06-19 09:30:00', '2015-06-19 16:00:00', 1, 6, 0),
(131, '2015-06-26 09:30:00', '2015-06-26 16:00:00', 1, 6, 0),
(132, '2015-04-18 08:00:00', '2015-04-18 15:00:00', 1, 6, 0),
(133, '2015-04-25 08:00:00', '2015-04-25 15:00:00', 1, 6, 0),
(134, '2015-05-02 08:00:00', '2015-05-02 15:00:00', 1, 6, 0),
(135, '2015-05-09 08:00:00', '2015-05-09 15:00:00', 1, 6, 0),
(136, '2015-05-16 08:00:00', '2015-05-16 15:00:00', 1, 6, 0),
(137, '2015-05-23 08:00:00', '2015-05-23 15:00:00', 1, 6, 0),
(138, '2015-05-30 08:00:00', '2015-05-30 15:00:00', 1, 6, 0),
(139, '2015-06-06 08:00:00', '2015-06-06 15:00:00', 1, 6, 0),
(140, '2015-06-13 08:00:00', '2015-06-13 15:00:00', 1, 6, 0),
(141, '2015-06-20 08:00:00', '2015-06-20 15:00:00', 1, 6, 0),
(142, '2015-06-27 08:00:00', '2015-06-27 15:00:00', 1, 6, 0),
(143, '2015-06-22 08:00:00', '2015-06-22 11:00:00', 1, 6, 0),
(144, '2015-06-22 14:00:00', '2015-06-22 16:00:00', 1, 6, 0),
(145, '2015-06-23 08:00:00', '2015-06-23 13:00:00', 1, 6, 0),
(146, '2015-06-24 08:00:00', '2015-06-24 16:00:00', 1, 6, 0),
(147, '2015-06-25 08:00:00', '2015-06-25 16:00:00', 1, 6, 0),
(148, '2015-06-26 09:30:00', '2015-06-26 16:00:00', 1, 6, 0),
(149, '2015-06-27 08:00:00', '2015-06-27 15:00:00', 1, 6, 0),
(150, '2015-04-07 08:00:00', '2015-04-07 12:00:00', 1, 7, 0),
(151, '2015-04-09 08:00:00', '2015-04-09 12:00:00', 1, 7, 0),
(152, '2015-04-09 14:00:00', '2015-04-09 19:00:00', 1, 7, 0),
(153, '2015-04-11 08:00:00', '2015-04-11 15:00:00', 1, 7, 0),
(154, '2015-04-14 08:00:00', '2015-04-14 12:00:00', 1, 7, 0),
(155, '2015-04-21 08:00:00', '2015-04-21 12:00:00', 1, 7, 0),
(156, '2015-04-28 08:00:00', '2015-04-28 12:00:00', 1, 7, 0),
(157, '2015-05-05 08:00:00', '2015-05-05 12:00:00', 1, 7, 0),
(158, '2015-05-12 08:00:00', '2015-05-12 12:00:00', 1, 7, 0),
(159, '2015-05-19 08:00:00', '2015-05-19 12:00:00', 1, 7, 0),
(160, '2015-05-26 08:00:00', '2015-05-26 12:00:00', 1, 7, 0),
(161, '2015-06-02 08:00:00', '2015-06-02 12:00:00', 1, 7, 0),
(162, '2015-06-09 08:00:00', '2015-06-09 12:00:00', 1, 7, 0),
(163, '2015-06-16 08:00:00', '2015-06-16 12:00:00', 1, 7, 0),
(164, '2015-06-23 08:00:00', '2015-06-23 12:00:00', 1, 7, 0),
(165, '2015-04-16 08:00:00', '2015-04-16 12:00:00', 1, 7, 0),
(166, '2015-04-23 08:00:00', '2015-04-23 12:00:00', 1, 7, 0),
(167, '2015-04-30 08:00:00', '2015-04-30 12:00:00', 1, 7, 0),
(168, '2015-05-07 08:00:00', '2015-05-07 12:00:00', 1, 7, 0),
(169, '2015-05-14 08:00:00', '2015-05-14 12:00:00', 1, 7, 0),
(170, '2015-05-21 08:00:00', '2015-05-21 12:00:00', 1, 7, 0),
(171, '2015-05-28 08:00:00', '2015-05-28 12:00:00', 1, 7, 0),
(172, '2015-06-04 08:00:00', '2015-06-04 12:00:00', 1, 7, 0),
(173, '2015-06-11 08:00:00', '2015-06-11 12:00:00', 1, 7, 0),
(174, '2015-06-18 08:00:00', '2015-06-18 12:00:00', 1, 7, 0),
(175, '2015-06-25 08:00:00', '2015-06-25 12:00:00', 1, 7, 0),
(176, '2015-04-16 14:00:00', '2015-04-16 19:00:00', 1, 7, 0),
(177, '2015-04-23 14:00:00', '2015-04-23 19:00:00', 1, 7, 0),
(178, '2015-04-30 14:00:00', '2015-04-30 19:00:00', 1, 7, 0),
(179, '2015-05-07 14:00:00', '2015-05-07 19:00:00', 1, 7, 0),
(180, '2015-05-14 14:00:00', '2015-05-14 19:00:00', 1, 7, 0),
(181, '2015-05-21 14:00:00', '2015-05-21 19:00:00', 1, 7, 0),
(182, '2015-05-28 14:00:00', '2015-05-28 19:00:00', 1, 7, 0),
(183, '2015-06-04 14:00:00', '2015-06-04 19:00:00', 1, 7, 0),
(184, '2015-06-11 14:00:00', '2015-06-11 19:00:00', 1, 7, 0),
(185, '2015-06-18 14:00:00', '2015-06-18 19:00:00', 1, 7, 0),
(186, '2015-06-25 14:00:00', '2015-06-25 19:00:00', 1, 7, 0),
(187, '2015-04-18 08:00:00', '2015-04-18 15:00:00', 1, 7, 0),
(188, '2015-04-25 08:00:00', '2015-04-25 15:00:00', 1, 7, 0),
(189, '2015-05-02 08:00:00', '2015-05-02 15:00:00', 1, 7, 0),
(190, '2015-05-09 08:00:00', '2015-05-09 15:00:00', 1, 7, 0),
(191, '2015-05-16 08:00:00', '2015-05-16 15:00:00', 1, 7, 0),
(192, '2015-05-23 08:00:00', '2015-05-23 15:00:00', 1, 7, 0),
(193, '2015-05-30 08:00:00', '2015-05-30 15:00:00', 1, 7, 0),
(194, '2015-06-06 08:00:00', '2015-06-06 15:00:00', 1, 7, 0),
(195, '2015-06-13 08:00:00', '2015-06-13 15:00:00', 1, 7, 0),
(196, '2015-06-20 08:00:00', '2015-06-20 15:00:00', 1, 7, 0),
(197, '2015-06-27 08:00:00', '2015-06-27 15:00:00', 1, 7, 0),
(198, '2015-04-10 09:00:00', '2015-04-10 17:00:00', 1, 8, 0),
(199, '2015-04-11 08:00:00', '2015-04-11 15:00:00', 1, 8, 0),
(201, '2015-04-07 11:00:00', '2015-04-07 17:00:00', 1, 9, 0),
(202, '2015-04-08 11:00:00', '2015-04-08 17:00:00', 1, 9, 0),
(203, '2015-04-10 11:00:00', '2015-04-10 16:30:00', 1, 9, 0),
(204, '2015-04-11 11:00:00', '2015-04-11 15:00:00', 1, 9, 0),
(205, '2015-04-14 11:00:00', '2015-04-14 17:00:00', 1, 9, 0),
(206, '2015-04-21 11:00:00', '2015-04-21 17:00:00', 1, 9, 0),
(207, '2015-04-28 11:00:00', '2015-04-28 17:00:00', 1, 9, 0),
(208, '2015-05-05 11:00:00', '2015-05-05 17:00:00', 1, 9, 0),
(209, '2015-05-12 11:00:00', '2015-05-12 17:00:00', 1, 9, 0),
(210, '2015-05-19 11:00:00', '2015-05-19 17:00:00', 1, 9, 0),
(211, '2015-05-26 11:00:00', '2015-05-26 17:00:00', 1, 9, 0),
(212, '2015-06-02 11:00:00', '2015-06-02 17:00:00', 1, 9, 0),
(213, '2015-06-09 11:00:00', '2015-06-09 17:00:00', 1, 9, 0),
(214, '2015-06-16 11:00:00', '2015-06-16 17:00:00', 1, 9, 0),
(215, '2015-06-23 11:00:00', '2015-06-23 17:00:00', 1, 9, 0),
(216, '2015-04-15 11:00:00', '2015-04-15 17:00:00', 1, 9, 0),
(217, '2015-04-22 11:00:00', '2015-04-22 17:00:00', 1, 9, 0),
(218, '2015-04-29 11:00:00', '2015-04-29 17:00:00', 1, 9, 0),
(219, '2015-05-06 11:00:00', '2015-05-06 17:00:00', 1, 9, 0),
(220, '2015-05-13 11:00:00', '2015-05-13 17:00:00', 1, 9, 0),
(221, '2015-05-20 11:00:00', '2015-05-20 17:00:00', 1, 9, 0),
(222, '2015-05-27 11:00:00', '2015-05-27 17:00:00', 1, 9, 0),
(223, '2015-06-03 11:00:00', '2015-06-03 17:00:00', 1, 9, 0),
(224, '2015-06-10 11:00:00', '2015-06-10 17:00:00', 1, 9, 0),
(225, '2015-06-17 11:00:00', '2015-06-17 17:00:00', 1, 9, 0),
(226, '2015-06-24 11:00:00', '2015-06-24 17:00:00', 1, 9, 0),
(227, '2015-04-17 11:00:00', '2015-04-17 16:30:00', 1, 9, 0),
(228, '2015-04-24 11:00:00', '2015-04-24 16:30:00', 1, 9, 0),
(229, '2015-05-01 11:00:00', '2015-05-01 16:30:00', 1, 9, 0),
(230, '2015-05-08 11:00:00', '2015-05-08 16:30:00', 1, 9, 0),
(231, '2015-05-15 11:00:00', '2015-05-15 16:30:00', 1, 9, 0),
(232, '2015-05-22 11:00:00', '2015-05-22 16:30:00', 1, 9, 0),
(233, '2015-05-29 11:00:00', '2015-05-29 16:30:00', 1, 9, 0),
(234, '2015-06-05 11:00:00', '2015-06-05 16:30:00', 1, 9, 0),
(235, '2015-06-12 11:00:00', '2015-06-12 16:30:00', 1, 9, 0),
(236, '2015-06-19 11:00:00', '2015-06-19 16:30:00', 1, 9, 0),
(237, '2015-06-26 11:00:00', '2015-06-26 16:30:00', 1, 9, 0),
(238, '2015-04-18 11:00:00', '2015-04-18 15:00:00', 1, 9, 0),
(239, '2015-04-25 11:00:00', '2015-04-25 15:00:00', 1, 9, 0),
(240, '2015-05-02 11:00:00', '2015-05-02 15:00:00', 1, 9, 0),
(241, '2015-05-09 11:00:00', '2015-05-09 15:00:00', 1, 9, 0),
(242, '2015-05-16 11:00:00', '2015-05-16 15:00:00', 1, 9, 0),
(243, '2015-05-23 11:00:00', '2015-05-23 15:00:00', 1, 9, 0),
(244, '2015-05-30 11:00:00', '2015-05-30 15:00:00', 1, 9, 0),
(245, '2015-06-06 11:00:00', '2015-06-06 15:00:00', 1, 9, 0),
(246, '2015-06-13 11:00:00', '2015-06-13 15:00:00', 1, 9, 0),
(247, '2015-06-20 11:00:00', '2015-06-20 15:00:00', 1, 9, 0),
(248, '2015-06-27 11:00:00', '2015-06-27 15:00:00', 1, 9, 0),
(249, '2015-04-17 09:00:00', '2015-04-17 17:00:00', 1, 8, 0),
(250, '2015-04-24 09:00:00', '2015-04-24 17:00:00', 1, 8, 0),
(251, '2015-05-01 09:00:00', '2015-05-01 17:00:00', 1, 8, 0),
(252, '2015-05-08 09:00:00', '2015-05-08 17:00:00', 1, 8, 0),
(253, '2015-05-15 09:00:00', '2015-05-15 17:00:00', 1, 8, 0),
(254, '2015-05-22 09:00:00', '2015-05-22 17:00:00', 1, 8, 0),
(255, '2015-05-29 09:00:00', '2015-05-29 17:00:00', 1, 8, 0),
(256, '2015-06-05 09:00:00', '2015-06-05 17:00:00', 1, 8, 0),
(257, '2015-06-12 09:00:00', '2015-06-12 17:00:00', 1, 8, 0),
(258, '2015-06-19 09:00:00', '2015-06-19 17:00:00', 1, 8, 0),
(259, '2015-06-26 09:00:00', '2015-06-26 17:00:00', 1, 8, 0),
(260, '2015-04-18 08:00:00', '2015-04-18 15:00:00', 1, 8, 0),
(261, '2015-04-25 08:00:00', '2015-04-25 15:00:00', 1, 8, 0),
(262, '2015-05-02 08:00:00', '2015-05-02 15:00:00', 1, 8, 0),
(263, '2015-05-09 08:00:00', '2015-05-09 15:00:00', 1, 8, 0),
(264, '2015-05-16 08:00:00', '2015-05-16 15:00:00', 1, 8, 0),
(265, '2015-05-23 08:00:00', '2015-05-23 15:00:00', 1, 8, 0),
(266, '2015-05-30 08:00:00', '2015-05-30 15:00:00', 1, 8, 0),
(267, '2015-06-06 08:00:00', '2015-06-06 15:00:00', 1, 8, 0),
(268, '2015-06-13 08:00:00', '2015-06-13 15:00:00', 1, 8, 0),
(269, '2015-06-20 08:00:00', '2015-06-20 15:00:00', 1, 8, 0),
(270, '2015-06-27 08:00:00', '2015-06-27 15:00:00', 1, 8, 0),
(271, '2015-04-07 08:00:00', '2015-04-07 12:00:00', 1, 10, 0),
(272, '2015-04-08 08:00:00', '2015-04-08 12:00:00', 1, 10, 0),
(273, '2015-04-09 08:00:00', '2015-04-09 16:00:00', 1, 10, 0),
(274, '2015-04-10 08:00:00', '2015-04-10 16:00:00', 1, 10, 0),
(275, '2015-04-14 08:00:00', '2015-04-14 12:00:00', 1, 10, 0),
(276, '2015-04-21 08:00:00', '2015-04-21 12:00:00', 1, 10, 0),
(277, '2015-04-28 08:00:00', '2015-04-28 12:00:00', 1, 10, 0),
(278, '2015-05-05 08:00:00', '2015-05-05 12:00:00', 1, 10, 0),
(279, '2015-05-12 08:00:00', '2015-05-12 12:00:00', 1, 10, 0),
(280, '2015-05-19 08:00:00', '2015-05-19 12:00:00', 1, 10, 0),
(281, '2015-05-26 08:00:00', '2015-05-26 12:00:00', 1, 10, 0),
(282, '2015-06-02 08:00:00', '2015-06-02 12:00:00', 1, 10, 0),
(283, '2015-06-09 08:00:00', '2015-06-09 12:00:00', 1, 10, 0),
(284, '2015-06-16 08:00:00', '2015-06-16 12:00:00', 1, 10, 0),
(285, '2015-06-23 08:00:00', '2015-06-23 12:00:00', 1, 10, 0),
(286, '2015-04-15 08:00:00', '2015-04-15 12:00:00', 1, 10, 0),
(287, '2015-04-22 08:00:00', '2015-04-22 12:00:00', 1, 10, 0),
(288, '2015-04-29 08:00:00', '2015-04-29 12:00:00', 1, 10, 0),
(289, '2015-05-06 08:00:00', '2015-05-06 12:00:00', 1, 10, 0),
(290, '2015-05-13 08:00:00', '2015-05-13 12:00:00', 1, 10, 0),
(291, '2015-05-20 08:00:00', '2015-05-20 12:00:00', 1, 10, 0),
(292, '2015-05-27 08:00:00', '2015-05-27 12:00:00', 1, 10, 0),
(293, '2015-06-03 08:00:00', '2015-06-03 12:00:00', 1, 10, 0),
(294, '2015-06-10 08:00:00', '2015-06-10 12:00:00', 1, 10, 0),
(295, '2015-06-17 08:00:00', '2015-06-17 12:00:00', 1, 10, 0),
(296, '2015-06-24 08:00:00', '2015-06-24 12:00:00', 1, 10, 0),
(297, '2015-04-16 08:00:00', '2015-04-16 16:00:00', 1, 10, 0),
(298, '2015-04-23 08:00:00', '2015-04-23 16:00:00', 1, 10, 0),
(299, '2015-04-30 08:00:00', '2015-04-30 16:00:00', 1, 10, 0),
(300, '2015-05-07 08:00:00', '2015-05-07 16:00:00', 1, 10, 0),
(301, '2015-05-14 08:00:00', '2015-05-14 16:00:00', 1, 10, 0),
(302, '2015-05-21 08:00:00', '2015-05-21 16:00:00', 1, 10, 0),
(303, '2015-05-28 08:00:00', '2015-05-28 16:00:00', 1, 10, 0),
(304, '2015-06-04 08:00:00', '2015-06-04 16:00:00', 1, 10, 0),
(305, '2015-06-11 08:00:00', '2015-06-11 16:00:00', 1, 10, 0),
(306, '2015-06-18 08:00:00', '2015-06-18 16:00:00', 1, 10, 0),
(307, '2015-06-25 08:00:00', '2015-06-25 16:00:00', 1, 10, 0),
(308, '2015-04-17 08:00:00', '2015-04-17 16:00:00', 1, 10, 0),
(309, '2015-04-24 08:00:00', '2015-04-24 16:00:00', 1, 10, 0),
(310, '2015-05-01 08:00:00', '2015-05-01 16:00:00', 1, 10, 0),
(311, '2015-05-08 08:00:00', '2015-05-08 16:00:00', 1, 10, 0),
(312, '2015-05-15 08:00:00', '2015-05-15 16:00:00', 1, 10, 0),
(313, '2015-05-22 08:00:00', '2015-05-22 16:00:00', 1, 10, 0),
(314, '2015-05-29 08:00:00', '2015-05-29 16:00:00', 1, 10, 0),
(315, '2015-06-05 08:00:00', '2015-06-05 16:00:00', 1, 10, 0),
(316, '2015-06-12 08:00:00', '2015-06-12 16:00:00', 1, 10, 0),
(317, '2015-06-19 08:00:00', '2015-06-19 16:00:00', 1, 10, 0),
(318, '2015-06-26 08:00:00', '2015-06-26 16:00:00', 1, 10, 0),
(319, '2015-04-06 08:00:00', '2015-04-06 16:00:00', 1, 11, 0),
(320, '2015-04-07 08:00:00', '2015-04-07 16:00:00', 1, 11, 0),
(321, '2015-04-08 08:00:00', '2015-04-08 16:00:00', 1, 11, 0),
(322, '2015-04-09 08:00:00', '2015-04-09 16:00:00', 1, 11, 0),
(323, '2015-04-10 08:00:00', '2015-04-10 16:00:00', 1, 11, 0),
(324, '2015-04-13 08:00:00', '2015-04-13 16:00:00', 1, 11, 0),
(325, '2015-04-20 08:00:00', '2015-04-20 16:00:00', 1, 11, 0),
(326, '2015-04-27 08:00:00', '2015-04-27 16:00:00', 1, 11, 0),
(327, '2015-05-04 08:00:00', '2015-05-04 16:00:00', 1, 11, 0),
(328, '2015-05-11 08:00:00', '2015-05-11 16:00:00', 1, 11, 0),
(329, '2015-05-18 08:00:00', '2015-05-18 16:00:00', 1, 11, 0),
(330, '2015-05-25 08:00:00', '2015-05-25 16:00:00', 1, 11, 0),
(331, '2015-06-01 08:00:00', '2015-06-01 16:00:00', 1, 11, 0),
(332, '2015-06-08 08:00:00', '2015-06-08 16:00:00', 1, 11, 0),
(333, '2015-06-15 08:00:00', '2015-06-15 16:00:00', 1, 11, 0),
(334, '2015-06-22 08:00:00', '2015-06-22 16:00:00', 1, 11, 0),
(335, '2015-04-14 08:00:00', '2015-04-14 16:00:00', 1, 11, 0),
(336, '2015-04-21 08:00:00', '2015-04-21 16:00:00', 1, 11, 0),
(337, '2015-04-28 08:00:00', '2015-04-28 16:00:00', 1, 11, 0),
(338, '2015-05-05 08:00:00', '2015-05-05 16:00:00', 1, 11, 0),
(339, '2015-05-12 08:00:00', '2015-05-12 16:00:00', 1, 11, 0),
(340, '2015-05-19 08:00:00', '2015-05-19 16:00:00', 1, 11, 0),
(341, '2015-05-26 08:00:00', '2015-05-26 16:00:00', 1, 11, 0),
(342, '2015-06-02 08:00:00', '2015-06-02 16:00:00', 1, 11, 0),
(343, '2015-06-09 08:00:00', '2015-06-09 16:00:00', 1, 11, 0),
(344, '2015-06-16 08:00:00', '2015-06-16 16:00:00', 1, 11, 0),
(345, '2015-06-23 08:00:00', '2015-06-23 16:00:00', 1, 11, 0),
(346, '2015-04-15 08:00:00', '2015-04-15 16:00:00', 1, 11, 0),
(347, '2015-04-22 08:00:00', '2015-04-22 16:00:00', 1, 11, 0),
(348, '2015-04-29 08:00:00', '2015-04-29 16:00:00', 1, 11, 0),
(349, '2015-05-06 08:00:00', '2015-05-06 16:00:00', 1, 11, 0),
(350, '2015-05-13 08:00:00', '2015-05-13 16:00:00', 1, 11, 0),
(351, '2015-05-20 08:00:00', '2015-05-20 16:00:00', 1, 11, 0),
(352, '2015-05-27 08:00:00', '2015-05-27 16:00:00', 1, 11, 0),
(353, '2015-06-03 08:00:00', '2015-06-03 16:00:00', 1, 11, 0),
(354, '2015-06-10 08:00:00', '2015-06-10 16:00:00', 1, 11, 0),
(355, '2015-06-17 08:00:00', '2015-06-17 16:00:00', 1, 11, 0),
(356, '2015-06-24 08:00:00', '2015-06-24 16:00:00', 1, 11, 0),
(357, '2015-04-16 08:00:00', '2015-04-16 16:00:00', 1, 11, 0),
(358, '2015-04-23 08:00:00', '2015-04-23 16:00:00', 1, 11, 0),
(359, '2015-04-30 08:00:00', '2015-04-30 16:00:00', 1, 11, 0),
(360, '2015-05-07 08:00:00', '2015-05-07 16:00:00', 1, 11, 0),
(361, '2015-05-14 08:00:00', '2015-05-14 16:00:00', 1, 11, 0),
(362, '2015-05-21 08:00:00', '2015-05-21 16:00:00', 1, 11, 0),
(363, '2015-05-28 08:00:00', '2015-05-28 16:00:00', 1, 11, 0),
(364, '2015-06-04 08:00:00', '2015-06-04 16:00:00', 1, 11, 0),
(365, '2015-06-11 08:00:00', '2015-06-11 16:00:00', 1, 11, 0),
(366, '2015-06-18 08:00:00', '2015-06-18 16:00:00', 1, 11, 0),
(367, '2015-06-25 08:00:00', '2015-06-25 16:00:00', 1, 11, 0),
(368, '2015-04-17 08:00:00', '2015-04-17 16:00:00', 1, 11, 0),
(369, '2015-04-24 08:00:00', '2015-04-24 16:00:00', 1, 11, 0),
(370, '2015-05-01 08:00:00', '2015-05-01 16:00:00', 1, 11, 0),
(371, '2015-05-08 08:00:00', '2015-05-08 16:00:00', 1, 11, 0),
(372, '2015-05-15 08:00:00', '2015-05-15 16:00:00', 1, 11, 0),
(373, '2015-05-22 08:00:00', '2015-05-22 16:00:00', 1, 11, 0),
(374, '2015-05-29 08:00:00', '2015-05-29 16:00:00', 1, 11, 0),
(375, '2015-06-05 08:00:00', '2015-06-05 16:00:00', 1, 11, 0),
(376, '2015-06-12 08:00:00', '2015-06-12 16:00:00', 1, 11, 0),
(377, '2015-06-19 08:00:00', '2015-06-19 16:00:00', 1, 11, 0),
(378, '2015-06-26 08:00:00', '2015-06-26 16:00:00', 1, 11, 0),
(379, '2015-04-06 14:00:00', '2015-04-06 20:00:00', 1, 12, 0),
(380, '2015-04-07 14:00:00', '2015-04-07 20:00:00', 1, 12, 0),
(381, '2015-04-08 14:00:00', '2015-04-08 20:00:00', 1, 12, 0),
(382, '2015-04-09 14:00:00', '2015-04-09 20:00:00', 1, 12, 0),
(383, '2015-04-10 14:00:00', '2015-04-10 20:00:00', 1, 12, 0),
(384, '2015-04-11 08:00:00', '2015-04-11 15:00:00', 1, 12, 0),
(385, '2015-04-13 14:00:00', '2015-04-13 20:00:00', 1, 12, 0),
(386, '2015-04-20 14:00:00', '2015-04-20 20:00:00', 1, 12, 0),
(387, '2015-04-27 14:00:00', '2015-04-27 20:00:00', 1, 12, 0),
(388, '2015-05-04 14:00:00', '2015-05-04 20:00:00', 1, 12, 0),
(389, '2015-05-11 14:00:00', '2015-05-11 20:00:00', 1, 12, 0),
(390, '2015-05-18 14:00:00', '2015-05-18 20:00:00', 1, 12, 0),
(391, '2015-05-25 14:00:00', '2015-05-25 20:00:00', 1, 12, 0),
(392, '2015-06-01 14:00:00', '2015-06-01 20:00:00', 1, 12, 0),
(393, '2015-06-08 14:00:00', '2015-06-08 20:00:00', 1, 12, 0),
(394, '2015-06-15 14:00:00', '2015-06-15 20:00:00', 1, 12, 0),
(395, '2015-06-22 14:00:00', '2015-06-22 20:00:00', 1, 12, 0),
(396, '2015-04-14 14:00:00', '2015-04-14 20:00:00', 1, 12, 0),
(397, '2015-04-21 14:00:00', '2015-04-21 20:00:00', 1, 12, 0),
(398, '2015-04-28 14:00:00', '2015-04-28 20:00:00', 1, 12, 0),
(399, '2015-05-05 14:00:00', '2015-05-05 20:00:00', 1, 12, 0),
(400, '2015-05-12 14:00:00', '2015-05-12 20:00:00', 1, 12, 0),
(401, '2015-05-19 14:00:00', '2015-05-19 20:00:00', 1, 12, 0),
(402, '2015-05-26 14:00:00', '2015-05-26 20:00:00', 1, 12, 0),
(403, '2015-06-02 14:00:00', '2015-06-02 20:00:00', 1, 12, 0),
(404, '2015-06-09 14:00:00', '2015-06-09 20:00:00', 1, 12, 0),
(405, '2015-06-16 14:00:00', '2015-06-16 20:00:00', 1, 12, 0),
(406, '2015-06-23 14:00:00', '2015-06-23 20:00:00', 1, 12, 0),
(407, '2015-04-15 14:00:00', '2015-04-15 20:00:00', 1, 12, 0),
(408, '2015-04-22 14:00:00', '2015-04-22 20:00:00', 1, 12, 0),
(409, '2015-04-29 14:00:00', '2015-04-29 20:00:00', 1, 12, 0),
(410, '2015-05-06 14:00:00', '2015-05-06 20:00:00', 1, 12, 0),
(411, '2015-05-13 14:00:00', '2015-05-13 20:00:00', 1, 12, 0),
(412, '2015-05-20 14:00:00', '2015-05-20 20:00:00', 1, 12, 0),
(413, '2015-05-27 14:00:00', '2015-05-27 20:00:00', 1, 12, 0),
(414, '2015-06-03 14:00:00', '2015-06-03 20:00:00', 1, 12, 0),
(415, '2015-06-10 14:00:00', '2015-06-10 20:00:00', 1, 12, 0),
(416, '2015-06-17 14:00:00', '2015-06-17 20:00:00', 1, 12, 0),
(417, '2015-06-24 14:00:00', '2015-06-24 20:00:00', 1, 12, 0),
(418, '2015-04-16 14:00:00', '2015-04-16 20:00:00', 1, 12, 0),
(419, '2015-04-23 14:00:00', '2015-04-23 20:00:00', 1, 12, 0),
(420, '2015-04-30 14:00:00', '2015-04-30 20:00:00', 1, 12, 0),
(421, '2015-05-07 14:00:00', '2015-05-07 20:00:00', 1, 12, 0),
(422, '2015-05-14 14:00:00', '2015-05-14 20:00:00', 1, 12, 0),
(423, '2015-05-21 14:00:00', '2015-05-21 20:00:00', 1, 12, 0),
(424, '2015-05-28 14:00:00', '2015-05-28 20:00:00', 1, 12, 0),
(425, '2015-06-04 14:00:00', '2015-06-04 20:00:00', 1, 12, 0),
(426, '2015-06-11 14:00:00', '2015-06-11 20:00:00', 1, 12, 0),
(427, '2015-06-18 14:00:00', '2015-06-18 20:00:00', 1, 12, 0),
(428, '2015-06-25 14:00:00', '2015-06-25 20:00:00', 1, 12, 0),
(429, '2015-04-17 14:00:00', '2015-04-17 20:00:00', 1, 12, 0),
(430, '2015-04-24 14:00:00', '2015-04-24 20:00:00', 1, 12, 0),
(431, '2015-05-01 14:00:00', '2015-05-01 20:00:00', 1, 12, 0),
(432, '2015-05-08 14:00:00', '2015-05-08 20:00:00', 1, 12, 0),
(433, '2015-05-15 14:00:00', '2015-05-15 20:00:00', 1, 12, 0),
(434, '2015-05-22 14:00:00', '2015-05-22 20:00:00', 1, 12, 0),
(435, '2015-05-29 14:00:00', '2015-05-29 20:00:00', 1, 12, 0),
(436, '2015-06-05 14:00:00', '2015-06-05 20:00:00', 1, 12, 0),
(437, '2015-06-12 14:00:00', '2015-06-12 20:00:00', 1, 12, 0),
(438, '2015-06-19 14:00:00', '2015-06-19 20:00:00', 1, 12, 0),
(439, '2015-06-26 14:00:00', '2015-06-26 20:00:00', 1, 12, 0),
(440, '2015-04-18 08:00:00', '2015-04-18 15:00:00', 1, 12, 0),
(441, '2015-04-25 08:00:00', '2015-04-25 15:00:00', 1, 12, 0),
(442, '2015-05-02 08:00:00', '2015-05-02 15:00:00', 1, 12, 0),
(443, '2015-05-09 08:00:00', '2015-05-09 15:00:00', 1, 12, 0),
(444, '2015-05-16 08:00:00', '2015-05-16 15:00:00', 1, 12, 0),
(445, '2015-05-23 08:00:00', '2015-05-23 15:00:00', 1, 12, 0),
(446, '2015-05-30 08:00:00', '2015-05-30 15:00:00', 1, 12, 0),
(447, '2015-06-06 08:00:00', '2015-06-06 15:00:00', 1, 12, 0),
(448, '2015-06-13 08:00:00', '2015-06-13 15:00:00', 1, 12, 0),
(449, '2015-06-20 08:00:00', '2015-06-20 15:00:00', 1, 12, 0),
(450, '2015-06-27 08:00:00', '2015-06-27 15:00:00', 1, 12, 0),
(451, '2015-04-06 08:00:00', '2015-04-06 13:00:00', 1, 13, 0),
(452, '2015-04-07 08:00:00', '2015-04-07 13:00:00', 1, 13, 0),
(453, '2015-04-09 08:00:00', '2015-04-09 13:00:00', 1, 13, 0),
(454, '2015-04-10 08:00:00', '2015-04-10 13:00:00', 1, 13, 0),
(455, '2015-04-11 08:00:00', '2015-04-11 15:00:00', 1, 13, 0),
(456, '2015-04-13 08:00:00', '2015-04-13 13:00:00', 1, 13, 0),
(457, '2015-04-20 08:00:00', '2015-04-20 13:00:00', 1, 13, 0),
(458, '2015-04-27 08:00:00', '2015-04-27 13:00:00', 1, 13, 0),
(459, '2015-05-04 08:00:00', '2015-05-04 13:00:00', 1, 13, 0),
(460, '2015-05-11 08:00:00', '2015-05-11 13:00:00', 1, 13, 0),
(461, '2015-05-18 08:00:00', '2015-05-18 13:00:00', 1, 13, 0),
(462, '2015-05-25 08:00:00', '2015-05-25 13:00:00', 1, 13, 0),
(463, '2015-06-01 08:00:00', '2015-06-01 13:00:00', 1, 13, 0),
(464, '2015-06-08 08:00:00', '2015-06-08 13:00:00', 1, 13, 0),
(465, '2015-06-15 08:00:00', '2015-06-15 13:00:00', 1, 13, 0),
(466, '2015-06-22 08:00:00', '2015-06-22 13:00:00', 1, 13, 0),
(467, '2015-04-14 08:00:00', '2015-04-14 13:00:00', 1, 13, 0),
(468, '2015-04-21 08:00:00', '2015-04-21 13:00:00', 1, 13, 0),
(469, '2015-04-28 08:00:00', '2015-04-28 13:00:00', 1, 13, 0),
(470, '2015-05-05 08:00:00', '2015-05-05 13:00:00', 1, 13, 0),
(471, '2015-05-12 08:00:00', '2015-05-12 13:00:00', 1, 13, 0),
(472, '2015-05-19 08:00:00', '2015-05-19 13:00:00', 1, 13, 0),
(473, '2015-05-26 08:00:00', '2015-05-26 13:00:00', 1, 13, 0),
(474, '2015-06-02 08:00:00', '2015-06-02 13:00:00', 1, 13, 0),
(475, '2015-06-09 08:00:00', '2015-06-09 13:00:00', 1, 13, 0),
(476, '2015-06-16 08:00:00', '2015-06-16 13:00:00', 1, 13, 0),
(477, '2015-06-23 08:00:00', '2015-06-23 13:00:00', 1, 13, 0),
(478, '2015-04-16 08:00:00', '2015-04-16 13:00:00', 1, 13, 0),
(479, '2015-04-23 08:00:00', '2015-04-23 13:00:00', 1, 13, 0),
(480, '2015-04-30 08:00:00', '2015-04-30 13:00:00', 1, 13, 0),
(481, '2015-05-07 08:00:00', '2015-05-07 13:00:00', 1, 13, 0),
(482, '2015-05-14 08:00:00', '2015-05-14 13:00:00', 1, 13, 0),
(483, '2015-05-21 08:00:00', '2015-05-21 13:00:00', 1, 13, 0),
(484, '2015-05-28 08:00:00', '2015-05-28 13:00:00', 1, 13, 0),
(485, '2015-06-04 08:00:00', '2015-06-04 13:00:00', 1, 13, 0),
(486, '2015-06-11 08:00:00', '2015-06-11 13:00:00', 1, 13, 0),
(487, '2015-06-18 08:00:00', '2015-06-18 13:00:00', 1, 13, 0),
(488, '2015-06-25 08:00:00', '2015-06-25 13:00:00', 1, 13, 0),
(489, '2015-04-17 08:00:00', '2015-04-17 13:00:00', 1, 13, 0),
(490, '2015-04-24 08:00:00', '2015-04-24 13:00:00', 1, 13, 0),
(491, '2015-05-01 08:00:00', '2015-05-01 13:00:00', 1, 13, 0),
(492, '2015-05-08 08:00:00', '2015-05-08 13:00:00', 1, 13, 0),
(493, '2015-05-15 08:00:00', '2015-05-15 13:00:00', 1, 13, 0),
(494, '2015-05-22 08:00:00', '2015-05-22 13:00:00', 1, 13, 0),
(495, '2015-05-29 08:00:00', '2015-05-29 13:00:00', 1, 13, 0),
(496, '2015-06-05 08:00:00', '2015-06-05 13:00:00', 1, 13, 0),
(497, '2015-06-12 08:00:00', '2015-06-12 13:00:00', 1, 13, 0),
(498, '2015-06-19 08:00:00', '2015-06-19 13:00:00', 1, 13, 0),
(499, '2015-06-26 08:00:00', '2015-06-26 13:00:00', 1, 13, 0),
(500, '2015-04-18 08:00:00', '2015-04-18 15:00:00', 1, 13, 0),
(501, '2015-04-25 08:00:00', '2015-04-25 15:00:00', 1, 13, 0),
(502, '2015-05-02 08:00:00', '2015-05-02 15:00:00', 1, 13, 0),
(503, '2015-05-09 08:00:00', '2015-05-09 15:00:00', 1, 13, 0),
(504, '2015-05-16 08:00:00', '2015-05-16 15:00:00', 1, 13, 0),
(505, '2015-05-23 08:00:00', '2015-05-23 15:00:00', 1, 13, 0),
(506, '2015-05-30 08:00:00', '2015-05-30 15:00:00', 1, 13, 0),
(507, '2015-06-06 08:00:00', '2015-06-06 15:00:00', 1, 13, 0),
(508, '2015-06-13 08:00:00', '2015-06-13 15:00:00', 1, 13, 0),
(509, '2015-06-20 08:00:00', '2015-06-20 15:00:00', 1, 13, 0),
(510, '2015-06-27 08:00:00', '2015-06-27 15:00:00', 1, 13, 0),
(512, '2015-04-06 14:00:00', '2015-04-06 20:00:00', 1, 15, 0),
(513, '2015-04-07 14:00:00', '2015-04-07 20:00:00', 1, 15, 0),
(514, '2015-04-08 14:00:00', '2015-04-08 20:00:00', 1, 15, 0),
(515, '2015-04-09 14:00:00', '2015-04-09 20:00:00', 1, 15, 0),
(516, '2015-04-10 14:00:00', '2015-04-10 20:00:00', 1, 15, 0),
(517, '2015-04-11 08:00:00', '2015-04-11 15:00:00', 1, 15, 0),
(518, '2015-04-13 14:00:00', '2015-04-13 20:00:00', 1, 15, 0),
(519, '2015-04-20 14:00:00', '2015-04-20 20:00:00', 1, 15, 0),
(520, '2015-04-27 14:00:00', '2015-04-27 20:00:00', 1, 15, 0),
(521, '2015-05-04 14:00:00', '2015-05-04 20:00:00', 1, 15, 0),
(522, '2015-05-11 14:00:00', '2015-05-11 20:00:00', 1, 15, 0),
(523, '2015-05-18 14:00:00', '2015-05-18 20:00:00', 1, 15, 0),
(524, '2015-05-25 14:00:00', '2015-05-25 20:00:00', 1, 15, 0),
(525, '2015-06-01 14:00:00', '2015-06-01 20:00:00', 1, 15, 0),
(526, '2015-06-08 14:00:00', '2015-06-08 20:00:00', 1, 15, 0),
(527, '2015-06-15 14:00:00', '2015-06-15 20:00:00', 1, 15, 0),
(528, '2015-06-22 14:00:00', '2015-06-22 20:00:00', 1, 15, 0),
(529, '2015-04-14 14:00:00', '2015-04-14 20:00:00', 1, 15, 0),
(530, '2015-04-21 14:00:00', '2015-04-21 20:00:00', 1, 15, 0),
(531, '2015-04-28 14:00:00', '2015-04-28 20:00:00', 1, 15, 0),
(532, '2015-05-05 14:00:00', '2015-05-05 20:00:00', 1, 15, 0),
(533, '2015-05-12 14:00:00', '2015-05-12 20:00:00', 1, 15, 0),
(534, '2015-05-19 14:00:00', '2015-05-19 20:00:00', 1, 15, 0),
(535, '2015-05-26 14:00:00', '2015-05-26 20:00:00', 1, 15, 0),
(536, '2015-06-02 14:00:00', '2015-06-02 20:00:00', 1, 15, 0),
(537, '2015-06-09 14:00:00', '2015-06-09 20:00:00', 1, 15, 0),
(538, '2015-06-16 14:00:00', '2015-06-16 20:00:00', 1, 15, 0),
(539, '2015-06-23 14:00:00', '2015-06-23 20:00:00', 1, 15, 0),
(540, '2015-04-15 14:00:00', '2015-04-15 20:00:00', 1, 15, 0),
(541, '2015-04-22 14:00:00', '2015-04-22 20:00:00', 1, 15, 0),
(542, '2015-04-29 14:00:00', '2015-04-29 20:00:00', 1, 15, 0),
(543, '2015-05-06 14:00:00', '2015-05-06 20:00:00', 1, 15, 0),
(544, '2015-05-13 14:00:00', '2015-05-13 20:00:00', 1, 15, 0),
(545, '2015-05-20 14:00:00', '2015-05-20 20:00:00', 1, 15, 0),
(546, '2015-05-27 14:00:00', '2015-05-27 20:00:00', 1, 15, 0),
(547, '2015-06-03 14:00:00', '2015-06-03 20:00:00', 1, 15, 0),
(548, '2015-06-10 14:00:00', '2015-06-10 20:00:00', 1, 15, 0),
(549, '2015-06-17 14:00:00', '2015-06-17 20:00:00', 1, 15, 0),
(550, '2015-06-24 14:00:00', '2015-06-24 20:00:00', 1, 15, 0),
(551, '2015-04-16 14:00:00', '2015-04-16 20:00:00', 1, 15, 0),
(552, '2015-04-23 14:00:00', '2015-04-23 20:00:00', 1, 15, 0),
(553, '2015-04-30 14:00:00', '2015-04-30 20:00:00', 1, 15, 0),
(554, '2015-05-07 14:00:00', '2015-05-07 20:00:00', 1, 15, 0),
(555, '2015-05-14 14:00:00', '2015-05-14 20:00:00', 1, 15, 0),
(556, '2015-05-21 14:00:00', '2015-05-21 20:00:00', 1, 15, 0),
(557, '2015-05-28 14:00:00', '2015-05-28 20:00:00', 1, 15, 0),
(558, '2015-06-04 14:00:00', '2015-06-04 20:00:00', 1, 15, 0),
(559, '2015-06-11 14:00:00', '2015-06-11 20:00:00', 1, 15, 0),
(560, '2015-06-18 14:00:00', '2015-06-18 20:00:00', 1, 15, 0),
(561, '2015-06-25 14:00:00', '2015-06-25 20:00:00', 1, 15, 0),
(562, '2015-04-17 14:00:00', '2015-04-17 20:00:00', 1, 15, 0),
(563, '2015-04-24 14:00:00', '2015-04-24 20:00:00', 1, 15, 0),
(564, '2015-05-01 14:00:00', '2015-05-01 20:00:00', 1, 15, 0),
(565, '2015-05-08 14:00:00', '2015-05-08 20:00:00', 1, 15, 0),
(566, '2015-05-15 14:00:00', '2015-05-15 20:00:00', 1, 15, 0),
(567, '2015-05-22 14:00:00', '2015-05-22 20:00:00', 1, 15, 0),
(568, '2015-05-29 14:00:00', '2015-05-29 20:00:00', 1, 15, 0),
(569, '2015-06-05 14:00:00', '2015-06-05 20:00:00', 1, 15, 0),
(570, '2015-06-12 14:00:00', '2015-06-12 20:00:00', 1, 15, 0),
(571, '2015-06-19 14:00:00', '2015-06-19 20:00:00', 1, 15, 0),
(572, '2015-06-26 14:00:00', '2015-06-26 20:00:00', 1, 15, 0),
(573, '2015-04-18 08:00:00', '2015-04-18 15:00:00', 1, 15, 0),
(574, '2015-04-25 08:00:00', '2015-04-25 15:00:00', 1, 15, 0),
(575, '2015-05-02 08:00:00', '2015-05-02 15:00:00', 1, 15, 0),
(576, '2015-05-09 08:00:00', '2015-05-09 15:00:00', 1, 15, 0),
(577, '2015-05-16 08:00:00', '2015-05-16 15:00:00', 1, 15, 0),
(578, '2015-05-23 08:00:00', '2015-05-23 15:00:00', 1, 15, 0),
(579, '2015-05-30 08:00:00', '2015-05-30 15:00:00', 1, 15, 0),
(580, '2015-06-06 08:00:00', '2015-06-06 15:00:00', 1, 15, 0),
(581, '2015-06-13 08:00:00', '2015-06-13 15:00:00', 1, 15, 0),
(582, '2015-06-20 08:00:00', '2015-06-20 15:00:00', 1, 15, 0),
(583, '2015-06-27 08:00:00', '2015-06-27 15:00:00', 1, 15, 0),
(584, '2015-04-06 14:00:00', '2015-04-06 20:00:00', 1, 16, 0),
(585, '2015-04-07 14:00:00', '2015-04-07 20:00:00', 1, 16, 0),
(586, '2015-04-08 14:00:00', '2015-04-08 20:00:00', 1, 16, 0),
(587, '2015-04-09 14:00:00', '2015-04-09 20:00:00', 1, 16, 0),
(588, '2015-04-10 14:00:00', '2015-04-10 20:00:00', 1, 16, 0),
(590, '2015-04-06 08:00:00', '2015-04-06 12:00:00', 1, 17, 0),
(591, '2015-04-06 14:00:00', '2015-04-06 18:00:00', 1, 17, 0),
(592, '2015-04-07 08:00:00', '2015-04-07 12:00:00', 1, 17, 0),
(593, '2015-04-07 14:00:00', '2015-04-07 18:00:00', 1, 17, 0),
(594, '2015-04-08 08:00:00', '2015-04-08 12:00:00', 1, 17, 0),
(595, '2015-04-08 14:00:00', '2015-04-08 18:00:00', 1, 17, 0),
(596, '2015-04-09 08:00:00', '2015-04-09 12:00:00', 1, 17, 0),
(597, '2015-04-09 14:00:00', '2015-04-09 18:00:00', 1, 17, 0),
(598, '2015-04-10 08:00:00', '2015-04-10 12:00:00', 1, 17, 0),
(599, '2015-04-10 14:00:00', '2015-04-10 18:00:00', 1, 17, 0),
(600, '2015-04-13 08:00:00', '2015-04-13 12:00:00', 1, 17, 0),
(601, '2015-04-20 08:00:00', '2015-04-20 12:00:00', 1, 17, 0),
(602, '2015-04-27 08:00:00', '2015-04-27 12:00:00', 1, 17, 0),
(603, '2015-05-04 08:00:00', '2015-05-04 12:00:00', 1, 17, 0),
(604, '2015-05-11 08:00:00', '2015-05-11 12:00:00', 1, 17, 0),
(605, '2015-05-18 08:00:00', '2015-05-18 12:00:00', 1, 17, 0),
(606, '2015-05-25 08:00:00', '2015-05-25 12:00:00', 1, 17, 0),
(607, '2015-06-01 08:00:00', '2015-06-01 12:00:00', 1, 17, 0),
(608, '2015-06-08 08:00:00', '2015-06-08 12:00:00', 1, 17, 0),
(609, '2015-06-15 08:00:00', '2015-06-15 12:00:00', 1, 17, 0),
(610, '2015-06-22 08:00:00', '2015-06-22 12:00:00', 1, 17, 0),
(611, '2015-04-13 14:00:00', '2015-04-13 18:00:00', 1, 17, 0),
(612, '2015-04-20 14:00:00', '2015-04-20 18:00:00', 1, 17, 0),
(613, '2015-04-27 14:00:00', '2015-04-27 18:00:00', 1, 17, 0),
(614, '2015-05-04 14:00:00', '2015-05-04 18:00:00', 1, 17, 0),
(615, '2015-05-11 14:00:00', '2015-05-11 18:00:00', 1, 17, 0),
(616, '2015-05-18 14:00:00', '2015-05-18 18:00:00', 1, 17, 0),
(617, '2015-05-25 14:00:00', '2015-05-25 18:00:00', 1, 17, 0),
(618, '2015-06-01 14:00:00', '2015-06-01 18:00:00', 1, 17, 0),
(619, '2015-06-08 14:00:00', '2015-06-08 18:00:00', 1, 17, 0),
(620, '2015-06-15 14:00:00', '2015-06-15 18:00:00', 1, 17, 0),
(621, '2015-06-22 14:00:00', '2015-06-22 18:00:00', 1, 17, 0),
(622, '2015-04-14 08:00:00', '2015-04-14 12:00:00', 1, 17, 0),
(623, '2015-04-21 08:00:00', '2015-04-21 12:00:00', 1, 17, 0),
(624, '2015-04-28 08:00:00', '2015-04-28 12:00:00', 1, 17, 0),
(625, '2015-05-05 08:00:00', '2015-05-05 12:00:00', 1, 17, 0),
(626, '2015-05-12 08:00:00', '2015-05-12 12:00:00', 1, 17, 0),
(627, '2015-05-19 08:00:00', '2015-05-19 12:00:00', 1, 17, 0),
(628, '2015-05-26 08:00:00', '2015-05-26 12:00:00', 1, 17, 0),
(629, '2015-06-02 08:00:00', '2015-06-02 12:00:00', 1, 17, 0),
(630, '2015-06-09 08:00:00', '2015-06-09 12:00:00', 1, 17, 0),
(631, '2015-06-16 08:00:00', '2015-06-16 12:00:00', 1, 17, 0),
(632, '2015-06-23 08:00:00', '2015-06-23 12:00:00', 1, 17, 0),
(633, '2015-04-14 14:00:00', '2015-04-14 18:00:00', 1, 17, 0),
(634, '2015-04-21 14:00:00', '2015-04-21 18:00:00', 1, 17, 0),
(635, '2015-04-28 14:00:00', '2015-04-28 18:00:00', 1, 17, 0),
(636, '2015-05-05 14:00:00', '2015-05-05 18:00:00', 1, 17, 0),
(637, '2015-05-12 14:00:00', '2015-05-12 18:00:00', 1, 17, 0),
(638, '2015-05-19 14:00:00', '2015-05-19 18:00:00', 1, 17, 0),
(639, '2015-05-26 14:00:00', '2015-05-26 18:00:00', 1, 17, 0),
(640, '2015-06-02 14:00:00', '2015-06-02 18:00:00', 1, 17, 0),
(641, '2015-06-09 14:00:00', '2015-06-09 18:00:00', 1, 17, 0),
(642, '2015-06-16 14:00:00', '2015-06-16 18:00:00', 1, 17, 0),
(643, '2015-06-23 14:00:00', '2015-06-23 18:00:00', 1, 17, 0),
(644, '2015-04-15 08:00:00', '2015-04-15 12:00:00', 1, 17, 0),
(645, '2015-04-22 08:00:00', '2015-04-22 12:00:00', 1, 17, 0),
(646, '2015-04-29 08:00:00', '2015-04-29 12:00:00', 1, 17, 0),
(647, '2015-05-06 08:00:00', '2015-05-06 12:00:00', 1, 17, 0),
(648, '2015-05-13 08:00:00', '2015-05-13 12:00:00', 1, 17, 0),
(649, '2015-05-20 08:00:00', '2015-05-20 12:00:00', 1, 17, 0),
(650, '2015-05-27 08:00:00', '2015-05-27 12:00:00', 1, 17, 0),
(651, '2015-06-03 08:00:00', '2015-06-03 12:00:00', 1, 17, 0),
(652, '2015-06-10 08:00:00', '2015-06-10 12:00:00', 1, 17, 0),
(653, '2015-06-17 08:00:00', '2015-06-17 12:00:00', 1, 17, 0),
(654, '2015-06-24 08:00:00', '2015-06-24 12:00:00', 1, 17, 0),
(655, '2015-04-15 14:00:00', '2015-04-15 18:00:00', 1, 17, 0),
(656, '2015-04-22 14:00:00', '2015-04-22 18:00:00', 1, 17, 0),
(657, '2015-04-29 14:00:00', '2015-04-29 18:00:00', 1, 17, 0),
(658, '2015-05-06 14:00:00', '2015-05-06 18:00:00', 1, 17, 0),
(659, '2015-05-13 14:00:00', '2015-05-13 18:00:00', 1, 17, 0),
(660, '2015-05-20 14:00:00', '2015-05-20 18:00:00', 1, 17, 0),
(661, '2015-05-27 14:00:00', '2015-05-27 18:00:00', 1, 17, 0),
(662, '2015-06-03 14:00:00', '2015-06-03 18:00:00', 1, 17, 0),
(663, '2015-06-10 14:00:00', '2015-06-10 18:00:00', 1, 17, 0),
(664, '2015-06-17 14:00:00', '2015-06-17 18:00:00', 1, 17, 0),
(665, '2015-06-24 14:00:00', '2015-06-24 18:00:00', 1, 17, 0),
(666, '2015-04-16 08:00:00', '2015-04-16 12:00:00', 1, 17, 0),
(667, '2015-04-23 08:00:00', '2015-04-23 12:00:00', 1, 17, 0),
(668, '2015-04-30 08:00:00', '2015-04-30 12:00:00', 1, 17, 0),
(669, '2015-05-07 08:00:00', '2015-05-07 12:00:00', 1, 17, 0),
(670, '2015-05-14 08:00:00', '2015-05-14 12:00:00', 1, 17, 0),
(671, '2015-05-21 08:00:00', '2015-05-21 12:00:00', 1, 17, 0),
(672, '2015-05-28 08:00:00', '2015-05-28 12:00:00', 1, 17, 0),
(673, '2015-06-04 08:00:00', '2015-06-04 12:00:00', 1, 17, 0),
(674, '2015-06-11 08:00:00', '2015-06-11 12:00:00', 1, 17, 0),
(675, '2015-06-18 08:00:00', '2015-06-18 12:00:00', 1, 17, 0),
(676, '2015-06-25 08:00:00', '2015-06-25 12:00:00', 1, 17, 0),
(677, '2015-04-16 14:00:00', '2015-04-16 18:00:00', 1, 17, 0),
(678, '2015-04-23 14:00:00', '2015-04-23 18:00:00', 1, 17, 0),
(679, '2015-04-30 14:00:00', '2015-04-30 18:00:00', 1, 17, 0),
(680, '2015-05-07 14:00:00', '2015-05-07 18:00:00', 1, 17, 0),
(681, '2015-05-14 14:00:00', '2015-05-14 18:00:00', 1, 17, 0),
(682, '2015-05-21 14:00:00', '2015-05-21 18:00:00', 1, 17, 0),
(683, '2015-05-28 14:00:00', '2015-05-28 18:00:00', 1, 17, 0),
(684, '2015-06-04 14:00:00', '2015-06-04 18:00:00', 1, 17, 0),
(685, '2015-06-11 14:00:00', '2015-06-11 18:00:00', 1, 17, 0),
(686, '2015-06-18 14:00:00', '2015-06-18 18:00:00', 1, 17, 0),
(687, '2015-06-25 14:00:00', '2015-06-25 18:00:00', 1, 17, 0),
(688, '2015-04-17 08:00:00', '2015-04-17 12:00:00', 1, 17, 0),
(689, '2015-04-24 08:00:00', '2015-04-24 12:00:00', 1, 17, 0),
(690, '2015-05-01 08:00:00', '2015-05-01 12:00:00', 1, 17, 0),
(691, '2015-05-08 08:00:00', '2015-05-08 12:00:00', 1, 17, 0),
(692, '2015-05-15 08:00:00', '2015-05-15 12:00:00', 1, 17, 0),
(693, '2015-05-22 08:00:00', '2015-05-22 12:00:00', 1, 17, 0),
(694, '2015-05-29 08:00:00', '2015-05-29 12:00:00', 1, 17, 0),
(695, '2015-06-05 08:00:00', '2015-06-05 12:00:00', 1, 17, 0),
(696, '2015-06-12 08:00:00', '2015-06-12 12:00:00', 1, 17, 0),
(697, '2015-06-19 08:00:00', '2015-06-19 12:00:00', 1, 17, 0),
(698, '2015-06-26 08:00:00', '2015-06-26 12:00:00', 1, 17, 0),
(699, '2015-04-17 14:00:00', '2015-04-17 18:00:00', 1, 17, 0),
(700, '2015-04-24 14:00:00', '2015-04-24 18:00:00', 1, 17, 0),
(701, '2015-05-01 14:00:00', '2015-05-01 18:00:00', 1, 17, 0),
(702, '2015-05-08 14:00:00', '2015-05-08 18:00:00', 1, 17, 0),
(703, '2015-05-15 14:00:00', '2015-05-15 18:00:00', 1, 17, 0),
(704, '2015-05-22 14:00:00', '2015-05-22 18:00:00', 1, 17, 0),
(705, '2015-05-29 14:00:00', '2015-05-29 18:00:00', 1, 17, 0),
(706, '2015-06-05 14:00:00', '2015-06-05 18:00:00', 1, 17, 0),
(707, '2015-06-12 14:00:00', '2015-06-12 18:00:00', 1, 17, 0),
(708, '2015-06-19 14:00:00', '2015-06-19 18:00:00', 1, 17, 0),
(709, '2015-06-26 14:00:00', '2015-06-26 18:00:00', 1, 17, 0),
(710, '2015-04-08 10:30:00', '2015-04-08 18:00:00', 1, 14, 0),
(711, '2015-04-09 10:30:00', '2015-04-09 18:00:00', 1, 14, 0),
(712, '2015-04-15 10:30:00', '2015-04-15 18:00:00', 1, 14, 0),
(713, '2015-04-22 10:30:00', '2015-04-22 18:00:00', 1, 14, 0),
(714, '2015-04-29 10:30:00', '2015-04-29 18:00:00', 1, 14, 0),
(715, '2015-05-06 10:30:00', '2015-05-06 18:00:00', 1, 14, 0),
(716, '2015-05-13 10:30:00', '2015-05-13 18:00:00', 1, 14, 0),
(717, '2015-05-20 10:30:00', '2015-05-20 18:00:00', 1, 14, 0),
(718, '2015-05-27 10:30:00', '2015-05-27 18:00:00', 1, 14, 0),
(719, '2015-06-03 10:30:00', '2015-06-03 18:00:00', 1, 14, 0),
(720, '2015-06-10 10:30:00', '2015-06-10 18:00:00', 1, 14, 0),
(721, '2015-06-17 10:30:00', '2015-06-17 18:00:00', 1, 14, 0),
(722, '2015-06-24 10:30:00', '2015-06-24 18:00:00', 1, 14, 0),
(723, '2015-04-16 10:30:00', '2015-04-16 18:00:00', 1, 14, 0),
(724, '2015-04-23 10:30:00', '2015-04-23 18:00:00', 1, 14, 0),
(725, '2015-04-30 10:30:00', '2015-04-30 18:00:00', 1, 14, 0),
(726, '2015-05-07 10:30:00', '2015-05-07 18:00:00', 1, 14, 0),
(727, '2015-05-14 10:30:00', '2015-05-14 18:00:00', 1, 14, 0),
(728, '2015-05-21 10:30:00', '2015-05-21 18:00:00', 1, 14, 0),
(729, '2015-05-28 10:30:00', '2015-05-28 18:00:00', 1, 14, 0),
(730, '2015-06-04 10:30:00', '2015-06-04 18:00:00', 1, 14, 0),
(731, '2015-06-11 10:30:00', '2015-06-11 18:00:00', 1, 14, 0),
(732, '2015-06-18 10:30:00', '2015-06-18 18:00:00', 1, 14, 0),
(733, '2015-06-25 10:30:00', '2015-06-25 18:00:00', 1, 14, 0);

-- --------------------------------------------------------

--
-- Stand-in structure for view `doctor`
--
CREATE TABLE IF NOT EXISTS `doctor` (
`nombre` varchar(45)
,`apellido` varchar(45)
,`dni` varchar(10)
,`atendidos` decimal(23,0)
,`pendientes` decimal(23,0)
,`usuario_id` int(10) unsigned
,`avatar` varchar(63)
);
-- --------------------------------------------------------

--
-- Table structure for table `equipo`
--

CREATE TABLE IF NOT EXISTS `equipo` (
  `id` int(11) NOT NULL AUTO_INCREMENT,
  `nombre` varchar(45) NOT NULL,
  `descripcion` varchar(255) DEFAULT NULL,
  `cantidad` int(11) NOT NULL DEFAULT '1',
  `inamovible` tinyint(1) NOT NULL DEFAULT '0',
  `serial` varchar(255) DEFAULT NULL,
  PRIMARY KEY (`id`)
) ENGINE=InnoDB  DEFAULT CHARSET=utf8 AUTO_INCREMENT=13 ;

--
-- Dumping data for table `equipo`
--

INSERT INTO `equipo` (`id`, `nombre`, `descripcion`, `cantidad`, `inamovible`, `serial`) VALUES
(2, 'Biogym', '', 1, 0, ''),
(3, 'Bioplate', '', 1, 0, ''),
(4, 'Cavitacell', '', 1, 0, ''),
(5, 'Dermocell', '', 1, 0, ''),
(6, 'Fotona', '', 1, 0, ''),
(7, 'Freeze', '', 1, 0, ''),
(8, 'Gentlemaxpro', '', 1, 0, ''),
(9, 'IPL Dermocell', '', 1, 0, ''),
(10, 'Maximuss', '', 1, 0, ''),
(11, 'Robot', '', 1, 0, ''),
(12, 'Ultrasound', '', 1, 0, '');

-- --------------------------------------------------------

--
-- Table structure for table `equipo_servicio`
--

CREATE TABLE IF NOT EXISTS `equipo_servicio` (
  `servicio_id` int(11) NOT NULL,
  `equipo_id` int(11) NOT NULL,
  PRIMARY KEY (`servicio_id`,`equipo_id`),
  KEY `fk_equipo_servicio_equipo1_idx` (`equipo_id`)
) ENGINE=InnoDB DEFAULT CHARSET=utf8;

--
-- Dumping data for table `equipo_servicio`
--

INSERT INTO `equipo_servicio` (`servicio_id`, `equipo_id`) VALUES
(8, 2),
(9, 3),
(7, 4),
(4, 5),
(14, 6),
(15, 6),
(16, 6),
(17, 6),
(18, 6),
(19, 6),
(20, 6),
(21, 6),
(22, 6),
(23, 6),
(24, 6),
(25, 6),
(26, 6),
(27, 6),
(28, 6),
(29, 6),
(30, 6),
(31, 6),
(32, 6),
(4, 7),
(6, 7),
(14, 8),
(15, 8),
(16, 8),
(17, 8),
(18, 8),
(19, 8),
(20, 8),
(21, 8),
(22, 8),
(23, 8),
(24, 8),
(25, 8),
(26, 8),
(27, 8),
(28, 8),
(29, 8),
(30, 8),
(31, 8),
(32, 8),
(65, 8),
(33, 9),
(53, 9),
(54, 9),
(55, 9),
(56, 9),
(57, 9),
(58, 9),
(59, 9),
(60, 9),
(61, 9),
(62, 9),
(63, 9),
(64, 9),
(66, 9),
(67, 9),
(68, 9),
(69, 9),
(3, 10),
(5, 10),
(96, 11),
(110, 11),
(111, 11),
(10, 12);

-- --------------------------------------------------------

--
-- Table structure for table `log`
--

CREATE TABLE IF NOT EXISTS `log` (
  `id` bigint(19) unsigned NOT NULL AUTO_INCREMENT,
  `usuario_id` int(11) NOT NULL,
  `accion` varchar(45) NOT NULL,
  `objeto` varchar(511) DEFAULT NULL,
  `objeto_id` int(11) DEFAULT NULL,
  `created_at` datetime DEFAULT NULL,
  `updated_at` datetime DEFAULT NULL,
  PRIMARY KEY (`id`)
) ENGINE=InnoDB  DEFAULT CHARSET=utf8 AUTO_INCREMENT=481 ;

--
-- Dumping data for table `log`
--

INSERT INTO `log` (`id`, `usuario_id`, `accion`, `objeto`, `objeto_id`, `created_at`, `updated_at`) VALUES
(22, 1, 'ServicioCategoria created', 'a:2:{s:6:"nombre";s:6:"Facial";s:2:"id";i:4;}', 4, '2015-04-07 20:16:07', '2015-04-07 20:16:07'),
(23, 1, 'Servicio created', 'a:5:{s:6:"nombre";s:6:"Facial";s:21:"categoria_servicio_id";s:1:"4";s:11:"descripcion";s:19:"Facial Con Maximuss";s:8:"duracion";s:2:"60";s:2:"id";i:3;}', 3, '2015-04-07 20:16:57', '2015-04-07 20:16:57'),
(24, 1, 'ServicioCategoria created', 'a:2:{s:6:"nombre";s:8:"Corporal";s:2:"id";i:5;}', 5, '2015-04-07 21:36:03', '2015-04-07 21:36:03'),
(25, 1, 'ServicioCategoria created', 'a:2:{s:6:"nombre";s:10:"Depilacion";s:2:"id";i:6;}', 6, '2015-04-07 21:36:18', '2015-04-07 21:36:18'),
(26, 1, 'ServicioCategoria created', 'a:2:{s:6:"nombre";s:5:"Relax";s:2:"id";i:7;}', 7, '2015-04-07 21:36:36', '2015-04-07 21:36:36'),
(27, 1, 'Consultorio created', 'a:5:{s:6:"nombre";s:5:"Cab 1";s:11:"descripcion";s:0:"";s:9:"capacidad";s:1:"1";s:7:"area_id";s:1:"1";s:2:"id";i:4;}', 4, '2015-04-07 21:38:42', '2015-04-07 21:38:42'),
(28, 1, 'Consultorio created', 'a:5:{s:6:"nombre";s:5:"Cab 2";s:11:"descripcion";s:0:"";s:9:"capacidad";s:1:"1";s:7:"area_id";s:1:"1";s:2:"id";i:5;}', 5, '2015-04-07 21:38:54', '2015-04-07 21:38:54'),
(29, 1, 'Consultorio created', 'a:5:{s:6:"nombre";s:5:"Cab 3";s:11:"descripcion";s:0:"";s:9:"capacidad";s:1:"1";s:7:"area_id";s:1:"1";s:2:"id";i:6;}', 6, '2015-04-07 21:39:06', '2015-04-07 21:39:06'),
(30, 1, 'Consultorio created', 'a:5:{s:6:"nombre";s:5:"Cab 3";s:11:"descripcion";s:0:"";s:9:"capacidad";s:1:"1";s:7:"area_id";s:1:"1";s:2:"id";i:7;}', 7, '2015-04-07 21:39:56', '2015-04-07 21:39:56'),
(31, 1, 'Consultorio created', 'a:5:{s:6:"nombre";s:5:"Cab 5";s:11:"descripcion";s:0:"";s:9:"capacidad";s:1:"1";s:7:"area_id";s:1:"1";s:2:"id";i:8;}', 8, '2015-04-07 21:40:16', '2015-04-07 21:40:16'),
(32, 1, 'Consultorio edited', 'a:5:{s:2:"id";i:7;s:6:"nombre";s:5:"Cab 4";s:11:"descripcion";s:0:"";s:9:"capacidad";s:1:"1";s:7:"area_id";s:1:"1";}', 7, '2015-04-07 21:40:39', '2015-04-07 21:40:39'),
(33, 1, 'Consultorio created', 'a:5:{s:6:"nombre";s:5:"Cab 6";s:11:"descripcion";s:0:"";s:9:"capacidad";s:1:"1";s:7:"area_id";s:1:"1";s:2:"id";i:9;}', 9, '2015-04-07 21:41:27', '2015-04-07 21:41:27'),
(34, 1, 'Consultorio created', 'a:5:{s:6:"nombre";s:5:"Cab 7";s:11:"descripcion";s:0:"";s:9:"capacidad";s:1:"1";s:7:"area_id";s:1:"1";s:2:"id";i:10;}', 10, '2015-04-07 21:42:02', '2015-04-07 21:42:02'),
(35, 1, 'Consultorio created', 'a:5:{s:6:"nombre";s:5:"Cab 8";s:11:"descripcion";s:0:"";s:9:"capacidad";s:1:"1";s:7:"area_id";s:1:"1";s:2:"id";i:11;}', 11, '2015-04-07 21:42:19', '2015-04-07 21:42:19'),
(36, 1, 'Consultorio created', 'a:5:{s:6:"nombre";s:5:"Cab 9";s:11:"descripcion";s:0:"";s:9:"capacidad";s:1:"1";s:7:"area_id";s:1:"1";s:2:"id";i:12;}', 12, '2015-04-07 21:42:43', '2015-04-07 21:42:43'),
(37, 1, 'Servicio edited', 'a:5:{s:2:"id";i:3;s:6:"nombre";s:6:"Facial";s:11:"descripcion";s:19:"Facial Con Maximuss";s:8:"duracion";s:2:"60";s:21:"categoria_servicio_id";s:1:"4";}', 3, '2015-04-07 21:44:07', '2015-04-07 21:44:07'),
(38, 1, 'Servicio created', 'a:5:{s:6:"nombre";s:6:"Facial";s:21:"categoria_servicio_id";s:1:"4";s:11:"descripcion";s:17:"Facial con Freeze";s:8:"duracion";s:2:"60";s:2:"id";i:4;}', 4, '2015-04-07 21:45:17', '2015-04-07 21:45:17'),
(39, 1, 'Servicio created', 'a:5:{s:6:"nombre";s:8:"Corporal";s:21:"categoria_servicio_id";s:1:"5";s:11:"descripcion";s:21:"Corporal con Maximuss";s:8:"duracion";s:2:"60";s:2:"id";i:5;}', 5, '2015-04-07 21:45:58', '2015-04-07 21:45:58'),
(40, 1, 'Servicio created', 'a:5:{s:6:"nombre";s:8:"Corporal";s:21:"categoria_servicio_id";s:1:"5";s:11:"descripcion";s:19:"Corporal con Freeze";s:8:"duracion";s:2:"60";s:2:"id";i:6;}', 6, '2015-04-07 21:46:39', '2015-04-07 21:46:39'),
(41, 1, 'Servicio created', 'a:5:{s:6:"nombre";s:15:"Ultracavitacion";s:21:"categoria_servicio_id";s:1:"5";s:11:"descripcion";s:30:"Ultracavitacion con cavitacell";s:8:"duracion";s:2:"30";s:2:"id";i:7;}', 7, '2015-04-07 21:48:36', '2015-04-07 21:48:36'),
(42, 1, 'Servicio created', 'a:5:{s:6:"nombre";s:6:"Biogym";s:21:"categoria_servicio_id";s:1:"5";s:11:"descripcion";s:0:"";s:8:"duracion";s:2:"30";s:2:"id";i:8;}', 8, '2015-04-07 21:49:29', '2015-04-07 21:49:29'),
(43, 1, 'Servicio created', 'a:5:{s:6:"nombre";s:19:"Plataforma Vibrante";s:21:"categoria_servicio_id";s:1:"5";s:11:"descripcion";s:0:"";s:8:"duracion";s:2:"60";s:2:"id";i:9;}', 9, '2015-04-07 21:50:05', '2015-04-07 21:50:05'),
(44, 1, 'Servicio created', 'a:5:{s:6:"nombre";s:11:"Ultrasonido";s:21:"categoria_servicio_id";s:1:"5";s:11:"descripcion";s:0:"";s:8:"duracion";s:2:"30";s:2:"id";i:10;}', 10, '2015-04-07 21:50:59', '2015-04-07 21:50:59'),
(45, 1, 'Servicio created', 'a:5:{s:6:"nombre";s:28:"Drenaje Linfatico Localizado";s:21:"categoria_servicio_id";s:1:"5";s:11:"descripcion";s:0:"";s:8:"duracion";s:2:"30";s:2:"id";i:11;}', 11, '2015-04-07 21:52:12', '2015-04-07 21:52:12'),
(46, 1, 'Servicio created', 'a:5:{s:6:"nombre";s:26:"Drenaje Linfatico Completo";s:21:"categoria_servicio_id";s:1:"5";s:11:"descripcion";s:0:"";s:8:"duracion";s:2:"80";s:2:"id";i:12;}', 12, '2015-04-07 21:53:27', '2015-04-07 21:53:27'),
(47, 1, 'Servicio created', 'a:5:{s:6:"nombre";s:16:"Masaje Moldeador";s:21:"categoria_servicio_id";s:1:"5";s:11:"descripcion";s:0:"";s:8:"duracion";s:2:"40";s:2:"id";i:13;}', 13, '2015-04-07 21:54:35', '2015-04-07 21:54:35'),
(48, 1, 'Servicio created', 'a:5:{s:6:"nombre";s:23:"Depilacion Laser Axilas";s:21:"categoria_servicio_id";s:1:"6";s:11:"descripcion";s:0:"";s:8:"duracion";s:2:"30";s:2:"id";i:14;}', 14, '2015-04-07 21:55:38', '2015-04-07 21:55:38'),
(49, 1, 'Servicio created', 'a:5:{s:6:"nombre";s:23:"Depilacion Laser Bikini";s:21:"categoria_servicio_id";s:1:"6";s:11:"descripcion";s:0:"";s:8:"duracion";s:2:"30";s:2:"id";i:15;}', 15, '2015-04-07 21:56:44', '2015-04-07 21:56:44'),
(50, 1, 'Servicio created', 'a:5:{s:6:"nombre";s:27:"Depilacion Laser 1/2 Pierna";s:21:"categoria_servicio_id";s:1:"6";s:11:"descripcion";s:0:"";s:8:"duracion";s:2:"40";s:2:"id";i:16;}', 16, '2015-04-07 21:57:53', '2015-04-07 21:57:53'),
(51, 1, 'Servicio created', 'a:5:{s:6:"nombre";s:32:"Depilacion Laser Pierna Completa";s:21:"categoria_servicio_id";s:1:"6";s:11:"descripcion";s:0:"";s:8:"duracion";s:2:"80";s:2:"id";i:17;}', 17, '2015-04-07 21:58:58', '2015-04-07 21:58:58'),
(52, 1, 'Servicio edited', 'a:5:{s:2:"id";i:12;s:6:"nombre";s:26:"Drenaje Linfatico Completo";s:11:"descripcion";s:0:"";s:8:"duracion";s:3:"120";s:21:"categoria_servicio_id";s:1:"5";}', 12, '2015-04-07 21:59:38', '2015-04-07 21:59:38'),
(53, 1, 'Servicio created', 'a:5:{s:6:"nombre";s:24:"Depilacion Laser Abdomen";s:21:"categoria_servicio_id";s:1:"6";s:11:"descripcion";s:0:"";s:8:"duracion";s:2:"60";s:2:"id";i:18;}', 18, '2015-04-07 22:01:05', '2015-04-07 22:01:05'),
(54, 1, 'Servicio created', 'a:5:{s:6:"nombre";s:23:"Depilacion Laser Muslos";s:21:"categoria_servicio_id";s:1:"6";s:11:"descripcion";s:0:"";s:8:"duracion";s:2:"40";s:2:"id";i:19;}', 19, '2015-04-07 22:02:00', '2015-04-07 22:02:00'),
(55, 1, 'Servicio created', 'a:5:{s:6:"nombre";s:22:"Depilacion Laser Pecho";s:21:"categoria_servicio_id";s:1:"6";s:11:"descripcion";s:0:"";s:8:"duracion";s:2:"40";s:2:"id";i:20;}', 20, '2015-04-07 22:02:42', '2015-04-07 22:02:42'),
(56, 1, 'Servicio created', 'a:5:{s:6:"nombre";s:28:"Depilacion Laser Entre Pecho";s:21:"categoria_servicio_id";s:1:"6";s:11:"descripcion";s:0:"";s:8:"duracion";s:2:"30";s:2:"id";i:21;}', 21, '2015-04-07 22:04:16', '2015-04-07 22:04:16'),
(57, 1, 'Servicio created', 'a:5:{s:6:"nombre";s:24:"Depilacion Laser Espalda";s:21:"categoria_servicio_id";s:1:"6";s:11:"descripcion";s:0:"";s:8:"duracion";s:2:"80";s:2:"id";i:22;}', 22, '2015-04-07 22:05:44', '2015-04-07 22:05:44'),
(58, 1, 'Servicio created', 'a:5:{s:6:"nombre";s:24:"Depilacion Laser Gluteos";s:21:"categoria_servicio_id";s:1:"6";s:11:"descripcion";s:0:"";s:8:"duracion";s:2:"60";s:2:"id";i:23;}', 23, '2015-04-07 22:06:33', '2015-04-07 22:06:33'),
(59, 1, 'Servicio created', 'a:5:{s:6:"nombre";s:22:"Depilacion Laser Pubis";s:21:"categoria_servicio_id";s:1:"6";s:11:"descripcion";s:0:"";s:8:"duracion";s:2:"30";s:2:"id";i:24;}', 24, '2015-04-07 22:07:22', '2015-04-07 22:07:22'),
(60, 1, 'Servicio created', 'a:5:{s:6:"nombre";s:35:"Depilacion Laser Genital Caballeros";s:21:"categoria_servicio_id";s:1:"6";s:11:"descripcion";s:0:"";s:8:"duracion";s:2:"60";s:2:"id";i:25;}', 25, '2015-04-07 22:08:03', '2015-04-07 22:08:03'),
(61, 1, 'Servicio created', 'a:5:{s:6:"nombre";s:31:"Depilacion Laser Brazo Completo";s:21:"categoria_servicio_id";s:1:"6";s:11:"descripcion";s:0:"";s:8:"duracion";s:2:"40";s:2:"id";i:26;}', 26, '2015-04-07 22:08:56', '2015-04-07 22:08:56'),
(62, 1, 'Servicio created', 'a:5:{s:6:"nombre";s:26:"Depilacion Laser 1/2 Brazo";s:21:"categoria_servicio_id";s:1:"6";s:11:"descripcion";s:0:"";s:8:"duracion";s:2:"30";s:2:"id";i:27;}', 27, '2015-04-07 22:09:46', '2015-04-07 22:09:46'),
(63, 1, 'Servicio created', 'a:5:{s:6:"nombre";s:22:"Depilacion Laser Manos";s:21:"categoria_servicio_id";s:1:"6";s:11:"descripcion";s:0:"";s:8:"duracion";s:2:"20";s:2:"id";i:28;}', 28, '2015-04-07 22:10:29', '2015-04-07 22:10:29'),
(64, 1, 'Servicio created', 'a:5:{s:6:"nombre";s:21:"Depilacion Laser Pies";s:21:"categoria_servicio_id";s:1:"6";s:11:"descripcion";s:0:"";s:8:"duracion";s:2:"20";s:2:"id";i:29;}', 29, '2015-04-07 22:11:06', '2015-04-07 22:11:06'),
(65, 1, 'Servicio created', 'a:5:{s:6:"nombre";s:30:"Depilacion Laser Cara Completa";s:21:"categoria_servicio_id";s:1:"6";s:11:"descripcion";s:0:"";s:8:"duracion";s:2:"40";s:2:"id";i:30;}', 30, '2015-04-07 22:11:45', '2015-04-07 22:11:45'),
(66, 1, 'Servicio created', 'a:5:{s:6:"nombre";s:28:"Depilacion Laser Cara 1 Zona";s:21:"categoria_servicio_id";s:1:"6";s:11:"descripcion";s:0:"";s:8:"duracion";s:2:"30";s:2:"id";i:31;}', 31, '2015-04-07 22:13:26', '2015-04-07 22:13:26'),
(67, 1, 'Servicio created', 'a:5:{s:6:"nombre";s:22:"Depilacion Laser Barba";s:21:"categoria_servicio_id";s:1:"6";s:11:"descripcion";s:0:"";s:8:"duracion";s:2:"60";s:2:"id";i:32;}', 32, '2015-04-07 22:14:15', '2015-04-07 22:14:15'),
(68, 1, 'Servicio created', 'a:5:{s:6:"nombre";s:20:"Fotorejuvenecimiento";s:21:"categoria_servicio_id";s:1:"4";s:11:"descripcion";s:0:"";s:8:"duracion";s:2:"60";s:2:"id";i:33;}', 33, '2015-04-07 22:15:56', '2015-04-07 22:15:56'),
(69, 1, 'Servicio created', 'a:5:{s:6:"nombre";s:23:"Depilacion Laser Axilas";s:21:"categoria_servicio_id";s:1:"5";s:11:"descripcion";s:10:"Con Fotona";s:8:"duracion";s:2:"30";s:2:"id";i:34;}', 34, '2015-04-07 22:17:49', '2015-04-07 22:17:49'),
(70, 1, 'Servicio created', 'a:5:{s:6:"nombre";s:23:"Depilacion Laser Bikini";s:21:"categoria_servicio_id";s:1:"5";s:11:"descripcion";s:10:"Con Fotona";s:8:"duracion";s:2:"30";s:2:"id";i:35;}', 35, '2015-04-07 22:19:01', '2015-04-07 22:19:01'),
(71, 1, 'Servicio created', 'a:5:{s:6:"nombre";s:27:"Depilacion Laser 1/2 Pierna";s:21:"categoria_servicio_id";s:1:"5";s:11:"descripcion";s:10:"Con Fotona";s:8:"duracion";s:2:"40";s:2:"id";i:36;}', 36, '2015-04-07 22:20:02', '2015-04-07 22:20:02'),
(72, 1, 'Servicio edited', 'a:5:{s:2:"id";i:36;s:6:"nombre";s:27:"Depilacion Laser 1/2 Pierna";s:11:"descripcion";s:10:"Con Fotona";s:8:"duracion";s:2:"40";s:21:"categoria_servicio_id";s:1:"6";}', 36, '2015-04-07 22:20:53', '2015-04-07 22:20:53'),
(73, 1, 'Servicio edited', 'a:5:{s:2:"id";i:35;s:6:"nombre";s:23:"Depilacion Laser Bikini";s:11:"descripcion";s:10:"Con Fotona";s:8:"duracion";s:2:"30";s:21:"categoria_servicio_id";s:1:"6";}', 35, '2015-04-07 22:21:10', '2015-04-07 22:21:10'),
(74, 1, 'Servicio edited', 'a:5:{s:2:"id";i:34;s:6:"nombre";s:23:"Depilacion Laser Axilas";s:11:"descripcion";s:10:"Con Fotona";s:8:"duracion";s:2:"30";s:21:"categoria_servicio_id";s:1:"6";}', 34, '2015-04-07 22:21:24', '2015-04-07 22:21:24'),
(75, 1, 'Servicio edited', 'a:5:{s:2:"id";i:16;s:6:"nombre";s:27:"Depilacion Laser 1/2 Pierna";s:11:"descripcion";s:16:"Con Gentlemaxpro";s:8:"duracion";s:2:"40";s:21:"categoria_servicio_id";s:1:"6";}', 16, '2015-04-07 22:22:58', '2015-04-07 22:22:58'),
(76, 1, 'Servicio edited', 'a:5:{s:2:"id";i:14;s:6:"nombre";s:23:"Depilacion Laser Axilas";s:11:"descripcion";s:16:"Con Gentlemaxpro";s:8:"duracion";s:2:"30";s:21:"categoria_servicio_id";s:1:"6";}', 14, '2015-04-07 22:23:58', '2015-04-07 22:23:58'),
(77, 1, 'Servicio edited', 'a:5:{s:2:"id";i:15;s:6:"nombre";s:23:"Depilacion Laser Bikini";s:11:"descripcion";s:16:"Con Gentlemaxpro";s:8:"duracion";s:2:"30";s:21:"categoria_servicio_id";s:1:"6";}', 15, '2015-04-07 22:24:52', '2015-04-07 22:24:52'),
(78, 1, 'Servicio edited', 'a:5:{s:2:"id";i:17;s:6:"nombre";s:32:"Depilacion Laser Pierna Completa";s:11:"descripcion";s:16:"Con Gentlemaxpro";s:8:"duracion";s:2:"80";s:21:"categoria_servicio_id";s:1:"6";}', 17, '2015-04-07 22:25:21', '2015-04-07 22:25:21'),
(79, 1, 'Servicio edited', 'a:5:{s:2:"id";i:18;s:6:"nombre";s:24:"Depilacion Laser Abdomen";s:11:"descripcion";s:16:"Con Gentlemaxpro";s:8:"duracion";s:2:"60";s:21:"categoria_servicio_id";s:1:"6";}', 18, '2015-04-07 22:25:39', '2015-04-07 22:25:39'),
(80, 1, 'Servicio edited', 'a:5:{s:2:"id";i:19;s:6:"nombre";s:23:"Depilacion Laser Muslos";s:11:"descripcion";s:16:"Con Gentlemaxpro";s:8:"duracion";s:2:"40";s:21:"categoria_servicio_id";s:1:"6";}', 19, '2015-04-07 22:25:59', '2015-04-07 22:25:59'),
(81, 1, 'Servicio edited', 'a:5:{s:2:"id";i:20;s:6:"nombre";s:22:"Depilacion Laser Pecho";s:11:"descripcion";s:16:"Con Gentlemaxpro";s:8:"duracion";s:2:"40";s:21:"categoria_servicio_id";s:1:"6";}', 20, '2015-04-07 22:26:12', '2015-04-07 22:26:12'),
(82, 1, 'Servicio edited', 'a:5:{s:2:"id";i:21;s:6:"nombre";s:28:"Depilacion Laser Entre Pecho";s:11:"descripcion";s:16:"Con Gentlemaxpro";s:8:"duracion";s:2:"30";s:21:"categoria_servicio_id";s:1:"6";}', 21, '2015-04-07 22:26:26', '2015-04-07 22:26:26'),
(83, 1, 'Servicio edited', 'a:5:{s:2:"id";i:22;s:6:"nombre";s:24:"Depilacion Laser Espalda";s:11:"descripcion";s:16:"Con Gentlemaxpro";s:8:"duracion";s:2:"80";s:21:"categoria_servicio_id";s:1:"6";}', 22, '2015-04-07 22:26:38', '2015-04-07 22:26:38'),
(84, 1, 'Servicio edited', 'a:5:{s:2:"id";i:23;s:6:"nombre";s:24:"Depilacion Laser Gluteos";s:11:"descripcion";s:16:"Con Gentlemaxpro";s:8:"duracion";s:2:"60";s:21:"categoria_servicio_id";s:1:"6";}', 23, '2015-04-07 22:26:51', '2015-04-07 22:26:51'),
(85, 1, 'Servicio edited', 'a:5:{s:2:"id";i:24;s:6:"nombre";s:22:"Depilacion Laser Pubis";s:11:"descripcion";s:16:"Con Gentlemaxpro";s:8:"duracion";s:2:"30";s:21:"categoria_servicio_id";s:1:"6";}', 24, '2015-04-07 22:27:14', '2015-04-07 22:27:14'),
(86, 1, 'Servicio edited', 'a:5:{s:2:"id";i:25;s:6:"nombre";s:35:"Depilacion Laser Genital Caballeros";s:11:"descripcion";s:16:"Con Gentlemaxpro";s:8:"duracion";s:2:"60";s:21:"categoria_servicio_id";s:1:"6";}', 25, '2015-04-07 22:27:25', '2015-04-07 22:27:25'),
(87, 1, 'Servicio edited', 'a:5:{s:2:"id";i:26;s:6:"nombre";s:31:"Depilacion Laser Brazo Completo";s:11:"descripcion";s:16:"Con Gentlemaxpro";s:8:"duracion";s:2:"40";s:21:"categoria_servicio_id";s:1:"6";}', 26, '2015-04-07 22:27:39', '2015-04-07 22:27:39'),
(88, 1, 'Servicio edited', 'a:5:{s:2:"id";i:27;s:6:"nombre";s:26:"Depilacion Laser 1/2 Brazo";s:11:"descripcion";s:16:"Con Gentlemaxpro";s:8:"duracion";s:2:"30";s:21:"categoria_servicio_id";s:1:"6";}', 27, '2015-04-07 22:27:52', '2015-04-07 22:27:52'),
(89, 1, 'Servicio edited', 'a:5:{s:2:"id";i:28;s:6:"nombre";s:22:"Depilacion Laser Manos";s:11:"descripcion";s:16:"Con Gentlemaxpro";s:8:"duracion";s:2:"20";s:21:"categoria_servicio_id";s:1:"6";}', 28, '2015-04-07 22:28:01', '2015-04-07 22:28:01'),
(90, 1, 'Servicio edited', 'a:5:{s:2:"id";i:29;s:6:"nombre";s:21:"Depilacion Laser Pies";s:11:"descripcion";s:16:"Con Gentlemaxpro";s:8:"duracion";s:2:"20";s:21:"categoria_servicio_id";s:1:"6";}', 29, '2015-04-07 22:28:20', '2015-04-07 22:28:20'),
(91, 1, 'Servicio edited', 'a:5:{s:2:"id";i:30;s:6:"nombre";s:30:"Depilacion Laser Cara Completa";s:11:"descripcion";s:16:"Con Gentlemaxpro";s:8:"duracion";s:2:"40";s:21:"categoria_servicio_id";s:1:"6";}', 30, '2015-04-07 22:28:31', '2015-04-07 22:28:31'),
(92, 1, 'Servicio edited', 'a:5:{s:2:"id";i:31;s:6:"nombre";s:28:"Depilacion Laser Cara 1 Zona";s:11:"descripcion";s:16:"Con Gentlemaxpro";s:8:"duracion";s:2:"30";s:21:"categoria_servicio_id";s:1:"6";}', 31, '2015-04-07 22:28:44', '2015-04-07 22:28:44'),
(93, 1, 'Servicio edited', 'a:5:{s:2:"id";i:32;s:6:"nombre";s:22:"Depilacion Laser Barba";s:11:"descripcion";s:16:"Con Gentlemaxpro";s:8:"duracion";s:2:"60";s:21:"categoria_servicio_id";s:1:"6";}', 32, '2015-04-07 22:28:58', '2015-04-07 22:28:58'),
(94, 1, 'Servicio created', 'a:5:{s:6:"nombre";s:32:"Depilacion Laser Pierna Completa";s:21:"categoria_servicio_id";s:1:"6";s:11:"descripcion";s:10:"Con Fotona";s:8:"duracion";s:2:"80";s:2:"id";i:37;}', 37, '2015-04-07 22:30:24', '2015-04-07 22:30:24'),
(95, 1, 'Servicio created', 'a:5:{s:6:"nombre";s:24:"Depilacion Laser Abdomen";s:21:"categoria_servicio_id";s:1:"6";s:11:"descripcion";s:10:"Con Fotona";s:8:"duracion";s:2:"60";s:2:"id";i:38;}', 38, '2015-04-07 22:32:06', '2015-04-07 22:32:06'),
(96, 1, 'Servicio created', 'a:5:{s:6:"nombre";s:23:"Depilacion Laser Muslos";s:21:"categoria_servicio_id";s:1:"6";s:11:"descripcion";s:10:"Con Fotona";s:8:"duracion";s:2:"40";s:2:"id";i:39;}', 39, '2015-04-07 22:32:49', '2015-04-07 22:32:49'),
(97, 1, 'Servicio created', 'a:5:{s:6:"nombre";s:22:"Depilacion Laser Pecho";s:21:"categoria_servicio_id";s:1:"6";s:11:"descripcion";s:10:"Con Fotona";s:8:"duracion";s:2:"40";s:2:"id";i:40;}', 40, '2015-04-07 22:34:14', '2015-04-07 22:34:14'),
(98, 1, 'Servicio created', 'a:5:{s:6:"nombre";s:28:"Depilacion Laser Entre Pecho";s:21:"categoria_servicio_id";s:1:"6";s:11:"descripcion";s:10:"Con Fotona";s:8:"duracion";s:2:"30";s:2:"id";i:41;}', 41, '2015-04-07 22:34:54', '2015-04-07 22:34:54'),
(99, 1, 'Servicio created', 'a:5:{s:6:"nombre";s:24:"Depilacion Laser Espalda";s:21:"categoria_servicio_id";s:1:"6";s:11:"descripcion";s:10:"Con Fotona";s:8:"duracion";s:2:"80";s:2:"id";i:42;}', 42, '2015-04-07 22:35:47', '2015-04-07 22:35:47'),
(100, 1, 'Servicio created', 'a:5:{s:6:"nombre";s:24:"Depilacion Laser Gluteos";s:21:"categoria_servicio_id";s:1:"6";s:11:"descripcion";s:10:"Con Fotona";s:8:"duracion";s:2:"60";s:2:"id";i:43;}', 43, '2015-04-07 22:36:38', '2015-04-07 22:36:38'),
(101, 1, 'Servicio created', 'a:5:{s:6:"nombre";s:22:"Depilacion Laser Pubis";s:21:"categoria_servicio_id";s:1:"6";s:11:"descripcion";s:10:"Con Fotona";s:8:"duracion";s:2:"30";s:2:"id";i:44;}', 44, '2015-04-07 22:38:22', '2015-04-07 22:38:22'),
(102, 1, 'Servicio created', 'a:5:{s:6:"nombre";s:35:"Depilacion Laser Genital Caballeros";s:21:"categoria_servicio_id";s:1:"6";s:11:"descripcion";s:10:"Con Fotona";s:8:"duracion";s:2:"60";s:2:"id";i:45;}', 45, '2015-04-07 22:40:02', '2015-04-07 22:40:02'),
(103, 1, 'Servicio created', 'a:5:{s:6:"nombre";s:31:"Depilacion Laser Brazo Completo";s:21:"categoria_servicio_id";s:1:"6";s:11:"descripcion";s:10:"Con Fotona";s:8:"duracion";s:2:"40";s:2:"id";i:46;}', 46, '2015-04-07 22:40:46', '2015-04-07 22:40:46'),
(104, 1, 'Servicio created', 'a:5:{s:6:"nombre";s:26:"Depilacion Laser 1/2 Brazo";s:21:"categoria_servicio_id";s:1:"6";s:11:"descripcion";s:10:"Con Fotona";s:8:"duracion";s:2:"30";s:2:"id";i:47;}', 47, '2015-04-07 22:41:43', '2015-04-07 22:41:43'),
(105, 1, 'Servicio created', 'a:5:{s:6:"nombre";s:22:"Depilacion Laser Manos";s:21:"categoria_servicio_id";s:1:"6";s:11:"descripcion";s:10:"Con Fotona";s:8:"duracion";s:2:"20";s:2:"id";i:48;}', 48, '2015-04-07 22:43:17', '2015-04-07 22:43:17'),
(106, 1, 'Servicio created', 'a:5:{s:6:"nombre";s:21:"Depilacion Laser Pies";s:21:"categoria_servicio_id";s:1:"6";s:11:"descripcion";s:10:"Con Fotona";s:8:"duracion";s:2:"20";s:2:"id";i:49;}', 49, '2015-04-07 22:44:29', '2015-04-07 22:44:29'),
(107, 1, 'Servicio created', 'a:5:{s:6:"nombre";s:30:"Depilacion Laser Cara Completa";s:21:"categoria_servicio_id";s:1:"6";s:11:"descripcion";s:10:"Con Fotona";s:8:"duracion";s:2:"40";s:2:"id";i:50;}', 50, '2015-04-07 22:45:28', '2015-04-07 22:45:28'),
(108, 1, 'Servicio created', 'a:5:{s:6:"nombre";s:28:"Depilacion Laser Cara 1 Zona";s:21:"categoria_servicio_id";s:1:"6";s:11:"descripcion";s:10:"Con Fotona";s:8:"duracion";s:2:"30";s:2:"id";i:51;}', 51, '2015-04-07 22:46:22', '2015-04-07 22:46:22'),
(109, 1, 'Servicio created', 'a:5:{s:6:"nombre";s:22:"Depilacion Laser Barba";s:21:"categoria_servicio_id";s:1:"6";s:11:"descripcion";s:10:"Con Fotona";s:8:"duracion";s:2:"60";s:2:"id";i:52;}', 52, '2015-04-07 22:47:18', '2015-04-07 22:47:18'),
(110, 1, 'Servicio created', 'a:5:{s:6:"nombre";s:21:"Depilacion IPL Axilas";s:21:"categoria_servicio_id";s:1:"6";s:11:"descripcion";s:10:"Con Fotona";s:8:"duracion";s:2:"20";s:2:"id";i:53;}', 53, '2015-04-07 22:49:16', '2015-04-07 22:49:16'),
(111, 1, 'Servicio edited', 'a:5:{s:2:"id";i:53;s:6:"nombre";s:21:"Depilacion IPL Axilas";s:11:"descripcion";s:17:"Con IPL Dermocell";s:8:"duracion";s:2:"20";s:21:"categoria_servicio_id";s:1:"6";}', 53, '2015-04-07 22:51:35', '2015-04-07 22:51:35'),
(112, 1, 'Servicio created', 'a:5:{s:6:"nombre";s:21:"Depilacion IPL Bikini";s:21:"categoria_servicio_id";s:1:"6";s:11:"descripcion";s:17:"Con IPL Dermocell";s:8:"duracion";s:2:"20";s:2:"id";i:54;}', 54, '2015-04-07 22:52:19', '2015-04-07 22:52:19'),
(113, 1, 'Servicio created', 'a:5:{s:6:"nombre";s:22:"Depilacion Laser Pubis";s:21:"categoria_servicio_id";s:1:"6";s:11:"descripcion";s:17:"Con IPL Dermocell";s:8:"duracion";s:2:"30";s:2:"id";i:55;}', 55, '2015-04-07 22:53:06', '2015-04-07 22:53:06'),
(114, 1, 'Servicio created', 'a:5:{s:6:"nombre";s:32:"Depilacion IPL Genital Caballero";s:21:"categoria_servicio_id";s:1:"6";s:11:"descripcion";s:17:"Con IPL Dermocell";s:8:"duracion";s:2:"30";s:2:"id";i:56;}', 56, '2015-04-07 22:53:56', '2015-04-07 22:53:56'),
(115, 1, 'Servicio created', 'a:5:{s:6:"nombre";s:25:"Depilacion IPL 1/2 Pierna";s:21:"categoria_servicio_id";s:1:"6";s:11:"descripcion";s:17:"Con IPL Dermocell";s:8:"duracion";s:2:"40";s:2:"id";i:57;}', 57, '2015-04-07 22:54:43', '2015-04-07 22:54:43'),
(116, 1, 'Servicio created', 'a:5:{s:6:"nombre";s:21:"Depilacion IPL Muslos";s:21:"categoria_servicio_id";s:1:"6";s:11:"descripcion";s:17:"Con IPL Dermocell";s:8:"duracion";s:2:"30";s:2:"id";i:58;}', 58, '2015-04-07 22:55:27', '2015-04-07 22:55:27'),
(117, 1, 'Servicio created', 'a:5:{s:6:"nombre";s:22:"Depilacion IPL Abdomen";s:21:"categoria_servicio_id";s:1:"6";s:11:"descripcion";s:17:"Con IPL Dermocell";s:8:"duracion";s:2:"30";s:2:"id";i:59;}', 59, '2015-04-07 22:56:43', '2015-04-07 22:56:43'),
(118, 1, 'Servicio created', 'a:5:{s:6:"nombre";s:20:"Depilacion IPL Pecho";s:21:"categoria_servicio_id";s:1:"6";s:11:"descripcion";s:17:"Con IPL Dermocell";s:8:"duracion";s:2:"30";s:2:"id";i:60;}', 60, '2015-04-07 22:57:29', '2015-04-07 22:57:29'),
(119, 1, 'Servicio created', 'a:5:{s:6:"nombre";s:27:"Depilacion IPL Espalda Alta";s:21:"categoria_servicio_id";s:1:"6";s:11:"descripcion";s:17:"Con IPL Dermocell";s:8:"duracion";s:2:"30";s:2:"id";i:61;}', 61, '2015-04-07 22:58:28', '2015-04-07 22:58:28'),
(120, 1, 'Servicio created', 'a:5:{s:6:"nombre";s:27:"Depilacion IPL Espalda Baja";s:21:"categoria_servicio_id";s:1:"6";s:11:"descripcion";s:17:"Con IPL Dermocell";s:8:"duracion";s:2:"30";s:2:"id";i:62;}', 62, '2015-04-07 22:59:30', '2015-04-07 22:59:30'),
(121, 1, 'Servicio created', 'a:5:{s:6:"nombre";s:22:"Depilacion IPL Gluteos";s:21:"categoria_servicio_id";s:1:"6";s:11:"descripcion";s:17:"Con IPL Dermocell";s:8:"duracion";s:2:"40";s:2:"id";i:63;}', 63, '2015-04-07 23:00:23', '2015-04-07 23:00:23'),
(122, 1, 'Servicio created', 'a:5:{s:6:"nombre";s:20:"Depilacion IPL Barba";s:21:"categoria_servicio_id";s:1:"6";s:11:"descripcion";s:17:"Con IPL Dermocell";s:8:"duracion";s:2:"40";s:2:"id";i:64;}', 64, '2015-04-07 23:01:05', '2015-04-07 23:01:05'),
(123, 1, 'Servicio created', 'a:5:{s:6:"nombre";s:20:"Fotorejuvenecimiento";s:21:"categoria_servicio_id";s:1:"5";s:11:"descripcion";s:17:"Con IPL Dermocell";s:8:"duracion";s:2:"30";s:2:"id";i:65;}', 65, '2015-04-07 23:01:50', '2015-04-07 23:01:50'),
(124, 1, 'Servicio edited', 'a:5:{s:2:"id";i:65;s:6:"nombre";s:20:"Fotorejuvenecimiento";s:11:"descripcion";s:17:"Con IPL Dermocell";s:8:"duracion";s:2:"30";s:21:"categoria_servicio_id";s:1:"4";}', 65, '2015-04-07 23:03:11', '2015-04-07 23:03:11'),
(125, 1, 'Servicio created', 'a:5:{s:6:"nombre";s:20:"Vascular Area Grande";s:21:"categoria_servicio_id";s:1:"4";s:11:"descripcion";s:17:"Con IPL Dermocell";s:8:"duracion";s:2:"30";s:2:"id";i:66;}', 66, '2015-04-07 23:03:59', '2015-04-07 23:03:59'),
(126, 1, 'Servicio created', 'a:5:{s:6:"nombre";s:22:"Vascular Area Pequeña";s:21:"categoria_servicio_id";s:1:"4";s:11:"descripcion";s:17:"Con IPL Dermocell";s:8:"duracion";s:2:"30";s:2:"id";i:67;}', 67, '2015-04-07 23:04:52', '2015-04-07 23:04:52'),
(127, 1, 'Servicio created', 'a:5:{s:6:"nombre";s:16:"Acne Tratamiento";s:21:"categoria_servicio_id";s:1:"4";s:11:"descripcion";s:17:"Con IPL Dermocell";s:8:"duracion";s:2:"30";s:2:"id";i:68;}', 68, '2015-04-07 23:06:00', '2015-04-07 23:06:00'),
(128, 1, 'Servicio created', 'a:5:{s:6:"nombre";s:7:"Melasma";s:21:"categoria_servicio_id";s:1:"4";s:11:"descripcion";s:17:"Con IPL Dermocell";s:8:"duracion";s:2:"30";s:2:"id";i:69;}', 69, '2015-04-07 23:06:44', '2015-04-07 23:06:44'),
(129, 1, 'Servicio created', 'a:5:{s:6:"nombre";s:21:"Depilacion Para Cejas";s:21:"categoria_servicio_id";s:1:"4";s:11:"descripcion";s:0:"";s:8:"duracion";s:2:"30";s:2:"id";i:70;}', 70, '2015-04-07 23:08:20', '2015-04-07 23:08:20'),
(130, 1, 'Servicio created', 'a:5:{s:6:"nombre";s:20:"Depilacion Cera Bozo";s:21:"categoria_servicio_id";s:1:"6";s:11:"descripcion";s:0:"";s:8:"duracion";s:2:"20";s:2:"id";i:71;}', 71, '2015-04-07 23:09:47', '2015-04-07 23:09:47'),
(131, 1, 'Servicio created', 'a:5:{s:6:"nombre";s:22:"Depilacion Cera Menton";s:21:"categoria_servicio_id";s:1:"6";s:11:"descripcion";s:0:"";s:8:"duracion";s:2:"20";s:2:"id";i:72;}', 72, '2015-04-07 23:10:18', '2015-04-07 23:10:18'),
(132, 1, 'Servicio created', 'a:5:{s:6:"nombre";s:22:"Depilacion Cera Frente";s:21:"categoria_servicio_id";s:1:"6";s:11:"descripcion";s:0:"";s:8:"duracion";s:2:"20";s:2:"id";i:73;}', 73, '2015-04-07 23:10:39', '2015-04-07 23:10:39'),
(133, 1, 'Servicio created', 'a:5:{s:6:"nombre";s:22:"Depilacion Cera Frente";s:21:"categoria_servicio_id";s:1:"6";s:11:"descripcion";s:0:"";s:8:"duracion";s:2:"20";s:2:"id";i:74;}', 74, '2015-04-07 23:11:27', '2015-04-07 23:11:27'),
(134, 1, 'Servicio created', 'a:5:{s:6:"nombre";s:22:"Depilacion Cera Axilas";s:21:"categoria_servicio_id";s:1:"6";s:11:"descripcion";s:0:"";s:8:"duracion";s:2:"30";s:2:"id";i:75;}', 75, '2015-04-07 23:12:11', '2015-04-07 23:12:11'),
(135, 1, 'Servicio created', 'a:5:{s:6:"nombre";s:28:"Depilacion Cera Linea Bikini";s:21:"categoria_servicio_id";s:1:"6";s:11:"descripcion";s:0:"";s:8:"duracion";s:2:"30";s:2:"id";i:76;}', 76, '2015-04-07 23:14:10', '2015-04-07 23:14:10'),
(136, 1, 'Servicio created', 'a:5:{s:6:"nombre";s:37:"Depilacion Cera Linea Bikini Completa";s:21:"categoria_servicio_id";s:1:"6";s:11:"descripcion";s:0:"";s:8:"duracion";s:2:"30";s:2:"id";i:77;}', 77, '2015-04-07 23:15:10', '2015-04-07 23:15:10'),
(137, 1, 'Servicio created', 'a:5:{s:6:"nombre";s:23:"Depilacion Cera Gluteos";s:21:"categoria_servicio_id";s:1:"6";s:11:"descripcion";s:0:"";s:8:"duracion";s:2:"30";s:2:"id";i:78;}', 78, '2015-04-07 23:16:11', '2015-04-07 23:16:11'),
(138, 1, 'Servicio created', 'a:5:{s:6:"nombre";s:26:"Depilacion Cera 1/2 Pierna";s:21:"categoria_servicio_id";s:1:"6";s:11:"descripcion";s:0:"";s:8:"duracion";s:2:"30";s:2:"id";i:79;}', 79, '2015-04-07 23:17:15', '2015-04-07 23:17:15'),
(139, 1, 'Servicio created', 'a:5:{s:6:"nombre";s:31:"Depilacion Cera Pierna Completa";s:21:"categoria_servicio_id";s:1:"6";s:11:"descripcion";s:0:"";s:8:"duracion";s:2:"60";s:2:"id";i:80;}', 80, '2015-04-07 23:17:53', '2015-04-07 23:17:53'),
(140, 1, 'Servicio created', 'a:4:{s:6:"nombre";s:30:"Depilacion Cera Brazo Completo";s:11:"descripcion";s:0:"";s:8:"duracion";s:2:"40";s:2:"id";i:81;}', 81, '2015-04-07 23:18:32', '2015-04-07 23:18:32'),
(141, 1, 'Servicio created', 'a:5:{s:6:"nombre";s:29:"Depilacion Cera Media Espalda";s:21:"categoria_servicio_id";s:1:"6";s:11:"descripcion";s:0:"";s:8:"duracion";s:2:"30";s:2:"id";i:82;}', 82, '2015-04-07 23:19:20', '2015-04-07 23:19:20'),
(142, 1, 'Servicio created', 'a:5:{s:6:"nombre";s:32:"Depilacion Cera Espalda Completa";s:21:"categoria_servicio_id";s:1:"6";s:11:"descripcion";s:0:"";s:8:"duracion";s:2:"60";s:2:"id";i:83;}', 83, '2015-04-07 23:19:48', '2015-04-07 23:19:48'),
(143, 1, 'Servicio created', 'a:5:{s:6:"nombre";s:21:"Depilacion Cera Pecho";s:21:"categoria_servicio_id";s:1:"6";s:11:"descripcion";s:0:"";s:8:"duracion";s:2:"40";s:2:"id";i:84;}', 84, '2015-04-07 23:20:23', '2015-04-07 23:20:23'),
(144, 1, 'Servicio created', 'a:5:{s:6:"nombre";s:23:"Depilacion Cera Abdomen";s:21:"categoria_servicio_id";s:1:"6";s:11:"descripcion";s:0:"";s:8:"duracion";s:2:"40";s:2:"id";i:85;}', 85, '2015-04-07 23:20:51', '2015-04-07 23:20:51'),
(145, 1, 'Servicio created', 'a:4:{s:6:"nombre";s:17:"Terapia Bienestar";s:11:"descripcion";s:0:"";s:8:"duracion";s:2:"60";s:2:"id";i:86;}', 86, '2015-04-07 23:24:18', '2015-04-07 23:24:18'),
(146, 1, 'Servicio created', 'a:4:{s:6:"nombre";s:16:"Terapia Drenante";s:11:"descripcion";s:0:"";s:8:"duracion";s:2:"60";s:2:"id";i:87;}', 87, '2015-04-07 23:25:21', '2015-04-07 23:25:21'),
(147, 1, 'Servicio created', 'a:5:{s:6:"nombre";s:20:"Exfoliacion Corporal";s:21:"categoria_servicio_id";s:1:"5";s:11:"descripcion";s:0:"";s:8:"duracion";s:2:"30";s:2:"id";i:88;}', 88, '2015-04-07 23:26:21', '2015-04-07 23:26:21'),
(148, 1, 'Servicio created', 'a:5:{s:6:"nombre";s:20:"Hidratacion Corporal";s:21:"categoria_servicio_id";s:1:"5";s:11:"descripcion";s:0:"";s:8:"duracion";s:2:"30";s:2:"id";i:89;}', 89, '2015-04-07 23:27:27', '2015-04-07 23:27:27'),
(149, 1, 'Servicio created', 'a:5:{s:6:"nombre";s:12:"Fangoterapia";s:21:"categoria_servicio_id";s:1:"5";s:11:"descripcion";s:0:"";s:8:"duracion";s:2:"30";s:2:"id";i:90;}', 90, '2015-04-07 23:28:25', '2015-04-07 23:28:25'),
(150, 1, 'Servicio created', 'a:5:{s:6:"nombre";s:14:"Chocolaterapia";s:21:"categoria_servicio_id";s:1:"5";s:11:"descripcion";s:0:"";s:8:"duracion";s:2:"30";s:2:"id";i:91;}', 91, '2015-04-07 23:29:21', '2015-04-07 23:29:21'),
(151, 1, 'Servicio created', 'a:5:{s:6:"nombre";s:16:"Masaje Relajante";s:21:"categoria_servicio_id";s:1:"5";s:11:"descripcion";s:0:"";s:8:"duracion";s:2:"60";s:2:"id";i:92;}', 92, '2015-04-07 23:30:13', '2015-04-07 23:30:13'),
(152, 1, 'Servicio created', 'a:5:{s:6:"nombre";s:24:"Masaje Piedras Calientes";s:21:"categoria_servicio_id";s:1:"5";s:11:"descripcion";s:0:"";s:8:"duracion";s:2:"60";s:2:"id";i:93;}', 93, '2015-04-07 23:31:39', '2015-04-07 23:31:39'),
(153, 1, 'Servicio created', 'a:5:{s:6:"nombre";s:24:"Masaje Descontracturante";s:21:"categoria_servicio_id";s:1:"5";s:11:"descripcion";s:0:"";s:8:"duracion";s:2:"40";s:2:"id";i:94;}', 94, '2015-04-07 23:32:32', '2015-04-07 23:32:32'),
(154, 1, 'Servicio created', 'a:5:{s:6:"nombre";s:12:"Facial Relax";s:21:"categoria_servicio_id";s:1:"4";s:11:"descripcion";s:0:"";s:8:"duracion";s:2:"30";s:2:"id";i:95;}', 95, '2015-04-07 23:33:35', '2015-04-07 23:33:35'),
(155, 1, 'Servicio created', 'a:5:{s:6:"nombre";s:6:"Facial";s:21:"categoria_servicio_id";s:1:"4";s:11:"descripcion";s:9:"Con Robot";s:8:"duracion";s:3:"100";s:2:"id";i:96;}', 96, '2015-04-07 23:34:22', '2015-04-07 23:34:22'),
(156, 1, 'Servicio created', 'a:5:{s:6:"nombre";s:6:"Facial";s:21:"categoria_servicio_id";s:1:"4";s:11:"descripcion";s:13:"Con Dermocell";s:8:"duracion";s:3:"120";s:2:"id";i:97;}', 97, '2015-04-07 23:35:21', '2015-04-07 23:35:21'),
(157, 1, 'Servicio edited', 'a:5:{s:2:"id";i:96;s:6:"nombre";s:6:"Facial";s:11:"descripcion";s:9:"Con Robot";s:8:"duracion";s:3:"120";s:21:"categoria_servicio_id";s:1:"4";}', 96, '2015-04-07 23:35:39', '2015-04-07 23:35:39'),
(158, 1, 'Servicio created', 'a:5:{s:6:"nombre";s:35:"Tratamiento Soñado Spa 5 Estrellas";s:21:"categoria_servicio_id";s:1:"5";s:11:"descripcion";s:0:"";s:8:"duracion";s:3:"120";s:2:"id";i:98;}', 98, '2015-04-07 23:36:38', '2015-04-07 23:36:38'),
(159, 1, 'Servicio created', 'a:5:{s:6:"nombre";s:13:"Fast Slimming";s:21:"categoria_servicio_id";s:1:"5";s:11:"descripcion";s:0:"";s:8:"duracion";s:3:"120";s:2:"id";i:99;}', 99, '2015-04-07 23:37:50', '2015-04-07 23:37:50'),
(160, 1, 'Servicio created', 'a:5:{s:6:"nombre";s:25:"Tratamiento Algas Marinas";s:21:"categoria_servicio_id";s:1:"5";s:11:"descripcion";s:0:"";s:8:"duracion";s:2:"90";s:2:"id";i:100;}', 100, '2015-04-07 23:38:59', '2015-04-07 23:38:59'),
(161, 1, 'Servicio created', 'a:5:{s:6:"nombre";s:34:"Timexpert Rejuvenecedor Vitamina C";s:21:"categoria_servicio_id";s:1:"4";s:11:"descripcion";s:0:"";s:8:"duracion";s:2:"90";s:2:"id";i:101;}', 101, '2015-04-07 23:40:28', '2015-04-07 23:40:28'),
(162, 1, 'Servicio created', 'a:5:{s:6:"nombre";s:35:"Corrector de Lineas y Arrugas Rides";s:21:"categoria_servicio_id";s:1:"4";s:11:"descripcion";s:0:"";s:8:"duracion";s:2:"90";s:2:"id";i:102;}', 102, '2015-04-07 23:41:47', '2015-04-07 23:41:47'),
(163, 1, 'Servicio created', 'a:5:{s:6:"nombre";s:23:"Hidratacion Efecto Lift";s:21:"categoria_servicio_id";s:1:"4";s:11:"descripcion";s:0:"";s:8:"duracion";s:2:"90";s:2:"id";i:103;}', 103, '2015-04-07 23:42:30', '2015-04-07 23:42:30'),
(164, 1, 'Servicio created', 'a:5:{s:6:"nombre";s:33:"Corrector Manchas Timexpert White";s:21:"categoria_servicio_id";s:1:"4";s:11:"descripcion";s:0:"";s:8:"duracion";s:2:"90";s:2:"id";i:104;}', 104, '2015-04-07 23:43:22', '2015-04-07 23:43:22'),
(165, 1, 'Servicio created', 'a:5:{s:6:"nombre";s:29:"Hidratacion Acido Hialuronico";s:21:"categoria_servicio_id";s:1:"4";s:11:"descripcion";s:0:"";s:8:"duracion";s:2:"90";s:2:"id";i:105;}', 105, '2015-04-07 23:44:09', '2015-04-07 23:44:09'),
(166, 1, 'Servicio created', 'a:5:{s:6:"nombre";s:22:"Hidratacion Jalea Real";s:21:"categoria_servicio_id";s:1:"4";s:11:"descripcion";s:0:"";s:8:"duracion";s:2:"90";s:2:"id";i:106;}', 106, '2015-04-07 23:44:52', '2015-04-07 23:44:52'),
(167, 1, 'Servicio created', 'a:5:{s:6:"nombre";s:21:"Limpieza Piel Acneica";s:21:"categoria_servicio_id";s:1:"4";s:11:"descripcion";s:0:"";s:8:"duracion";s:3:"120";s:2:"id";i:107;}', 107, '2015-04-07 23:45:51', '2015-04-07 23:45:51'),
(168, 1, 'Servicio created', 'a:5:{s:6:"nombre";s:28:"Silver - Gold Lifting Facial";s:21:"categoria_servicio_id";s:1:"4";s:11:"descripcion";s:0:"";s:8:"duracion";s:2:"90";s:2:"id";i:108;}', 108, '2015-04-07 23:46:52', '2015-04-07 23:46:52'),
(169, 1, 'Servicio created', 'a:5:{s:6:"nombre";s:21:"Rejuvenecimiento Rubi";s:21:"categoria_servicio_id";s:1:"4";s:11:"descripcion";s:0:"";s:8:"duracion";s:2:"90";s:2:"id";i:109;}', 109, '2015-04-07 23:47:28', '2015-04-07 23:47:28'),
(170, 1, 'Servicio created', 'a:5:{s:6:"nombre";s:25:"Microdermoabrasion Facial";s:21:"categoria_servicio_id";s:1:"4";s:11:"descripcion";s:9:"Con Robot";s:8:"duracion";s:2:"30";s:2:"id";i:110;}', 110, '2015-04-07 23:48:41', '2015-04-07 23:48:41'),
(171, 1, 'Servicio created', 'a:5:{s:6:"nombre";s:27:"Microdermoabrasion Corporal";s:21:"categoria_servicio_id";s:1:"5";s:11:"descripcion";s:9:"Con Robot";s:8:"duracion";s:2:"60";s:2:"id";i:111;}', 111, '2015-04-07 23:49:36', '2015-04-07 23:49:36'),
(172, 1, 'Equipo created', 'a:4:{s:6:"nombre";s:6:"Biogym";s:11:"descripcion";s:0:"";s:6:"serial";s:0:"";s:2:"id";i:2;}', 2, '2015-04-07 23:52:16', '2015-04-07 23:52:16'),
(173, 1, 'Equipo created', 'a:4:{s:6:"nombre";s:8:"Bioplate";s:11:"descripcion";s:0:"";s:6:"serial";s:0:"";s:2:"id";i:3;}', 3, '2015-04-07 23:52:57', '2015-04-07 23:52:57'),
(174, 1, 'Equipo created', 'a:4:{s:6:"nombre";s:10:"Cavitacell";s:11:"descripcion";s:0:"";s:6:"serial";s:0:"";s:2:"id";i:4;}', 4, '2015-04-07 23:53:33', '2015-04-07 23:53:33'),
(175, 1, 'Equipo created', 'a:4:{s:6:"nombre";s:9:"Dermocell";s:11:"descripcion";s:0:"";s:6:"serial";s:0:"";s:2:"id";i:5;}', 5, '2015-04-07 23:54:34', '2015-04-07 23:54:34'),
(176, 1, 'Equipo created', 'a:4:{s:6:"nombre";s:6:"Fotona";s:11:"descripcion";s:0:"";s:6:"serial";s:0:"";s:2:"id";i:6;}', 6, '2015-04-07 23:59:32', '2015-04-07 23:59:32'),
(177, 1, 'Equipo created', 'a:4:{s:6:"nombre";s:6:"Freeze";s:11:"descripcion";s:0:"";s:6:"serial";s:0:"";s:2:"id";i:7;}', 7, '2015-04-08 00:00:14', '2015-04-08 00:00:14'),
(178, 1, 'Equipo created', 'a:4:{s:6:"nombre";s:12:"Gentlemaxpro";s:11:"descripcion";s:0:"";s:6:"serial";s:0:"";s:2:"id";i:8;}', 8, '2015-04-08 00:06:07', '2015-04-08 00:06:07'),
(179, 1, 'Equipo created', 'a:4:{s:6:"nombre";s:13:"IPL Dermocell";s:11:"descripcion";s:0:"";s:6:"serial";s:0:"";s:2:"id";i:9;}', 9, '2015-04-08 00:13:20', '2015-04-08 00:13:20'),
(180, 1, 'Servicio edited', 'a:5:{s:2:"id";i:55;s:6:"nombre";s:16:"Depilacion Pubis";s:11:"descripcion";s:17:"Con IPL Dermocell";s:8:"duracion";s:2:"30";s:21:"categoria_servicio_id";s:1:"6";}', 55, '2015-04-08 00:14:37', '2015-04-08 00:14:37'),
(181, 1, 'Equipo edited', 'a:6:{s:2:"id";i:9;s:6:"nombre";s:13:"IPL Dermocell";s:11:"descripcion";s:0:"";s:8:"cantidad";i:1;s:10:"inamovible";i:0;s:6:"serial";s:0:"";}', 9, '2015-04-08 00:15:27', '2015-04-08 00:15:27'),
(182, 1, 'Equipo created', 'a:4:{s:6:"nombre";s:8:"Maximuss";s:11:"descripcion";s:0:"";s:6:"serial";s:0:"";s:2:"id";i:10;}', 10, '2015-04-08 00:16:10', '2015-04-08 00:16:10'),
(183, 1, 'Equipo created', 'a:4:{s:6:"nombre";s:5:"Robot";s:11:"descripcion";s:0:"";s:6:"serial";s:0:"";s:2:"id";i:11;}', 11, '2015-04-08 00:17:12', '2015-04-08 00:17:12'),
(184, 1, 'Equipo edited', 'a:6:{s:2:"id";i:11;s:6:"nombre";s:5:"Robot";s:11:"descripcion";s:0:"";s:8:"cantidad";i:1;s:10:"inamovible";i:0;s:6:"serial";s:0:"";}', 11, '2015-04-08 00:18:47', '2015-04-08 00:18:47'),
(185, 1, 'Equipo created', 'a:4:{s:6:"nombre";s:10:"Ultrasound";s:11:"descripcion";s:0:"";s:6:"serial";s:0:"";s:2:"id";i:12;}', 12, '2015-04-08 00:19:20', '2015-04-08 00:19:20'),
(186, 1, 'User created', 'a:4:{s:6:"nombre";s:9:"mmartinez";s:10:"updated_at";s:19:"2015-04-08 00:21:49";s:10:"created_at";s:19:"2015-04-08 00:21:49";s:2:"id";i:5;}', 5, '2015-04-08 00:21:49', '2015-04-08 00:21:49'),
(187, 5, 'Paciente created', 'a:12:{s:6:"nombre";s:8:"MAIRALIS";s:8:"apellido";s:8:"MARTINEZ";s:4:"tdni";s:1:"V";s:3:"dni";s:10:"V-14905509";s:16:"fecha_nacimiento";s:10:"1984-09-13";s:4:"sexo";i:0;s:12:"estado_civil";s:1:"0";s:9:"direccion";s:0:"";s:10:"usuario_id";i:5;s:10:"updated_at";s:19:"2015-04-08 00:25:18";s:10:"created_at";s:19:"2015-04-08 00:25:18";s:2:"id";i:5;}', 5, '2015-04-08 00:25:18', '2015-04-08 00:25:18'),
(188, 1, 'User created', 'a:4:{s:6:"nombre";s:8:"oserrano";s:10:"updated_at";s:19:"2015-04-08 00:27:00";s:10:"created_at";s:19:"2015-04-08 00:27:00";s:2:"id";i:6;}', 6, '2015-04-08 00:27:00', '2015-04-08 00:27:00'),
(189, 1, 'User created', 'a:4:{s:6:"nombre";s:11:"mtcaraballo";s:10:"updated_at";s:19:"2015-04-08 00:27:38";s:10:"created_at";s:19:"2015-04-08 00:27:38";s:2:"id";i:7;}', 7, '2015-04-08 00:27:38', '2015-04-08 00:27:38'),
(190, 1, 'User created', 'a:4:{s:6:"nombre";s:6:"mzerpa";s:10:"updated_at";s:19:"2015-04-08 00:28:12";s:10:"created_at";s:19:"2015-04-08 00:28:12";s:2:"id";i:8;}', 8, '2015-04-08 00:28:12', '2015-04-08 00:28:12'),
(191, 1, 'User created', 'a:4:{s:6:"nombre";s:9:"ymontilla";s:10:"updated_at";s:19:"2015-04-08 00:28:50";s:10:"created_at";s:19:"2015-04-08 00:28:50";s:2:"id";i:9;}', 9, '2015-04-08 00:28:50', '2015-04-08 00:28:50'),
(192, 1, 'User created', 'a:4:{s:6:"nombre";s:6:"hparra";s:10:"updated_at";s:19:"2015-04-08 00:29:19";s:10:"created_at";s:19:"2015-04-08 00:29:19";s:2:"id";i:10;}', 10, '2015-04-08 00:29:19', '2015-04-08 00:29:19'),
(193, 1, 'User created', 'a:4:{s:6:"nombre";s:6:"mmaray";s:10:"updated_at";s:19:"2015-04-08 00:29:57";s:10:"created_at";s:19:"2015-04-08 00:29:57";s:2:"id";i:11;}', 11, '2015-04-08 00:29:57', '2015-04-08 00:29:57'),
(194, 1, 'User created', 'a:4:{s:6:"nombre";s:9:"egonzalez";s:10:"updated_at";s:19:"2015-04-08 00:30:27";s:10:"created_at";s:19:"2015-04-08 00:30:27";s:2:"id";i:12;}', 12, '2015-04-08 00:30:27', '2015-04-08 00:30:27'),
(195, 1, 'User created', 'a:4:{s:6:"nombre";s:6:"gotero";s:10:"updated_at";s:19:"2015-04-08 00:30:58";s:10:"created_at";s:19:"2015-04-08 00:30:58";s:2:"id";i:13;}', 13, '2015-04-08 00:30:58', '2015-04-08 00:30:58'),
(196, 1, 'User created', 'a:4:{s:6:"nombre";s:10:"yhernandez";s:10:"updated_at";s:19:"2015-04-08 00:31:31";s:10:"created_at";s:19:"2015-04-08 00:31:31";s:2:"id";i:14;}', 14, '2015-04-08 00:31:31', '2015-04-08 00:31:31'),
(197, 1, 'User created', 'a:4:{s:6:"nombre";s:7:"mmontes";s:10:"updated_at";s:19:"2015-04-08 00:32:07";s:10:"created_at";s:19:"2015-04-08 00:32:07";s:2:"id";i:15;}', 15, '2015-04-08 00:32:07', '2015-04-08 00:32:07'),
(198, 1, 'User created', 'a:4:{s:6:"nombre";s:9:"mgardilla";s:10:"updated_at";s:19:"2015-04-08 00:32:32";s:10:"created_at";s:19:"2015-04-08 00:32:32";s:2:"id";i:16;}', 16, '2015-04-08 00:32:32', '2015-04-08 00:32:32'),
(199, 1, 'User created', 'a:4:{s:6:"nombre";s:7:"klezama";s:10:"updated_at";s:19:"2015-04-08 00:33:01";s:10:"created_at";s:19:"2015-04-08 00:33:01";s:2:"id";i:17;}', 17, '2015-04-08 00:33:01', '2015-04-08 00:33:01'),
(200, 6, 'Paciente created', 'a:12:{s:6:"nombre";s:6:"OSMARY";s:8:"apellido";s:7:"SERRANO";s:4:"tdni";s:1:"V";s:3:"dni";s:10:"V-16164277";s:16:"fecha_nacimiento";s:10:"1984-09-06";s:4:"sexo";i:0;s:12:"estado_civil";s:1:"0";s:9:"direccion";s:0:"";s:10:"usuario_id";i:6;s:10:"updated_at";s:19:"2015-04-08 00:37:03";s:10:"created_at";s:19:"2015-04-08 00:37:03";s:2:"id";i:6;}', 6, '2015-04-08 00:37:03', '2015-04-08 00:37:03'),
(201, 7, 'Paciente created', 'a:12:{s:6:"nombre";s:12:"MARIA TERESA";s:8:"apellido";s:9:"CARABALLO";s:4:"tdni";s:1:"V";s:3:"dni";s:10:"V-14725258";s:16:"fecha_nacimiento";s:10:"1980-08-12";s:4:"sexo";i:0;s:12:"estado_civil";s:1:"0";s:9:"direccion";s:0:"";s:10:"usuario_id";i:7;s:10:"updated_at";s:19:"2015-04-08 00:38:56";s:10:"created_at";s:19:"2015-04-08 00:38:56";s:2:"id";i:7;}', 7, '2015-04-08 00:38:56', '2015-04-08 00:38:56'),
(202, 8, 'Paciente created', 'a:12:{s:6:"nombre";s:9:"MARGARETH";s:8:"apellido";s:5:"ZERPA";s:4:"tdni";s:1:"V";s:3:"dni";s:10:"V-15185543";s:16:"fecha_nacimiento";s:10:"1981-07-16";s:4:"sexo";i:0;s:12:"estado_civil";s:1:"0";s:9:"direccion";s:0:"";s:10:"usuario_id";i:8;s:10:"updated_at";s:19:"2015-04-08 00:40:32";s:10:"created_at";s:19:"2015-04-08 00:40:32";s:2:"id";i:8;}', 8, '2015-04-08 00:40:32', '2015-04-08 00:40:32'),
(203, 8, 'Paciente edited', 'a:13:{s:2:"id";i:8;s:6:"nombre";s:9:"MARGARETH";s:8:"apellido";s:5:"ZERPA";s:3:"dni";s:10:"V-15185543";s:4:"tdni";s:1:"V";s:16:"fecha_nacimiento";s:10:"1981-07-16";s:4:"sexo";i:0;s:12:"estado_civil";s:1:"0";s:9:"direccion";s:0:"";s:6:"avatar";N;s:10:"created_at";s:19:"2015-04-08 00:40:32";s:10:"updated_at";s:19:"2015-04-08 00:40:32";s:10:"usuario_id";i:8;}', 8, '2015-04-08 00:40:50', '2015-04-08 00:40:50'),
(204, 9, 'Paciente created', 'a:12:{s:6:"nombre";s:7:"YENESCA";s:8:"apellido";s:8:"MONTILLA";s:4:"tdni";s:1:"V";s:3:"dni";s:10:"V-24890207";s:16:"fecha_nacimiento";s:10:"1995-07-30";s:4:"sexo";i:0;s:12:"estado_civil";s:1:"0";s:9:"direccion";s:0:"";s:10:"usuario_id";i:9;s:10:"updated_at";s:19:"2015-04-08 00:42:24";s:10:"created_at";s:19:"2015-04-08 00:42:24";s:2:"id";i:9;}', 9, '2015-04-08 00:42:24', '2015-04-08 00:42:24'),
(205, 10, 'Paciente created', 'a:12:{s:6:"nombre";s:5:"HILDA";s:8:"apellido";s:5:"PARRA";s:4:"tdni";s:1:"V";s:3:"dni";s:9:"V-6225099";s:16:"fecha_nacimiento";s:10:"1966-07-03";s:4:"sexo";i:0;s:12:"estado_civil";s:1:"0";s:9:"direccion";s:0:"";s:10:"usuario_id";i:10;s:10:"updated_at";s:19:"2015-04-08 00:43:59";s:10:"created_at";s:19:"2015-04-08 00:43:59";s:2:"id";i:10;}', 10, '2015-04-08 00:43:59', '2015-04-08 00:43:59'),
(206, 11, 'Paciente created', 'a:12:{s:6:"nombre";s:8:"MIGCELIS";s:8:"apellido";s:5:"MARAY";s:4:"tdni";s:1:"V";s:3:"dni";s:10:"V-15335078";s:16:"fecha_nacimiento";s:10:"1980-09-24";s:4:"sexo";i:0;s:12:"estado_civil";s:1:"0";s:9:"direccion";s:0:"";s:10:"usuario_id";i:11;s:10:"updated_at";s:19:"2015-04-08 00:45:23";s:10:"created_at";s:19:"2015-04-08 00:45:23";s:2:"id";i:11;}', 11, '2015-04-08 00:45:23', '2015-04-08 00:45:23'),
(207, 12, 'Paciente created', 'a:12:{s:6:"nombre";s:9:"ELIZOBETH";s:8:"apellido";s:8:"GONZALEZ";s:4:"tdni";s:1:"V";s:3:"dni";s:10:"V-12893100";s:16:"fecha_nacimiento";s:10:"1971-01-11";s:4:"sexo";i:0;s:12:"estado_civil";s:1:"0";s:9:"direccion";s:0:"";s:10:"usuario_id";i:12;s:10:"updated_at";s:19:"2015-04-08 00:46:50";s:10:"created_at";s:19:"2015-04-08 00:46:50";s:2:"id";i:12;}', 12, '2015-04-08 00:46:50', '2015-04-08 00:46:50'),
(208, 13, 'Paciente created', 'a:12:{s:6:"nombre";s:6:"GLADYS";s:8:"apellido";s:5:"OTERO";s:4:"tdni";s:1:"V";s:3:"dni";s:10:"V-14088394";s:16:"fecha_nacimiento";s:10:"1970-08-30";s:4:"sexo";i:0;s:12:"estado_civil";s:1:"0";s:9:"direccion";s:0:"";s:10:"usuario_id";i:13;s:10:"updated_at";s:19:"2015-04-08 00:48:10";s:10:"created_at";s:19:"2015-04-08 00:48:10";s:2:"id";i:13;}', 13, '2015-04-08 00:48:10', '2015-04-08 00:48:10'),
(209, 15, 'Paciente created', 'a:12:{s:6:"nombre";s:5:"MAYZE";s:8:"apellido";s:6:"MONTES";s:4:"tdni";s:1:"V";s:3:"dni";s:10:"V-11176705";s:16:"fecha_nacimiento";s:10:"1974-02-02";s:4:"sexo";i:0;s:12:"estado_civil";s:1:"0";s:9:"direccion";s:0:"";s:10:"usuario_id";i:15;s:10:"updated_at";s:19:"2015-04-08 00:50:54";s:10:"created_at";s:19:"2015-04-08 00:50:54";s:2:"id";i:14;}', 14, '2015-04-08 00:50:54', '2015-04-08 00:50:54'),
(210, 16, 'Paciente created', 'a:12:{s:6:"nombre";s:15:"MARIA GUADALUPE";s:8:"apellido";s:7:"ARDILLA";s:4:"tdni";s:1:"V";s:3:"dni";s:10:"V-17812193";s:16:"fecha_nacimiento";s:10:"1987-08-28";s:4:"sexo";i:0;s:12:"estado_civil";s:1:"0";s:9:"direccion";s:0:"";s:10:"usuario_id";i:16;s:10:"updated_at";s:19:"2015-04-08 00:52:26";s:10:"created_at";s:19:"2015-04-08 00:52:26";s:2:"id";i:15;}', 15, '2015-04-08 00:52:26', '2015-04-08 00:52:26'),
(211, 17, 'Paciente created', 'a:12:{s:6:"nombre";s:9:"KATHERINE";s:8:"apellido";s:6:"LEZAMA";s:4:"tdni";s:1:"V";s:3:"dni";s:10:"V-18786873";s:16:"fecha_nacimiento";s:10:"1989-09-28";s:4:"sexo";i:0;s:12:"estado_civil";s:1:"0";s:9:"direccion";s:0:"";s:10:"usuario_id";i:17;s:10:"updated_at";s:19:"2015-04-08 00:54:14";s:10:"created_at";s:19:"2015-04-08 00:54:14";s:2:"id";i:16;}', 16, '2015-04-08 00:54:15', '2015-04-08 00:54:15'),
(212, 1, 'Disponibilidad created', 'a:4:{s:2:"id";i:30;s:6:"inicio";s:19:"2015-04-06 08:00:00";s:3:"fin";s:19:"2015-04-06 18:30:00";s:10:"usuario_id";s:1:"5";}', 30, '2015-04-08 09:17:32', '2015-04-08 09:17:32'),
(213, 1, 'Disponibilidad deleted', 'a:6:{s:2:"id";i:30;s:6:"inicio";s:19:"2015-04-06 08:00:00";s:3:"fin";s:19:"2015-04-06 18:30:00";s:10:"disponible";i:1;s:10:"usuario_id";i:5;s:4:"fijo";i:0;}', 30, '2015-04-08 09:17:45', '2015-04-08 09:17:45'),
(214, 1, 'Disponibilidad created', 'a:4:{s:2:"id";i:31;s:6:"inicio";s:19:"2015-04-06 08:00:00";s:3:"fin";s:19:"2015-04-06 16:30:00";s:10:"usuario_id";s:1:"5";}', 31, '2015-04-08 09:19:17', '2015-04-08 09:19:17'),
(215, 1, 'Disponibilidad edited', 'a:6:{s:2:"id";s:2:"31";s:6:"inicio";s:19:"2015-04-06 08:00:00";s:3:"fin";s:19:"2015-04-06 16:00:00";s:10:"disponible";i:1;s:10:"usuario_id";s:1:"5";s:4:"fijo";i:0;}', 31, '2015-04-08 09:19:19', '2015-04-08 09:19:19'),
(216, 1, 'Disponibilidad edited', 'a:6:{s:2:"id";s:2:"31";s:6:"inicio";s:19:"2015-04-06 08:30:00";s:3:"fin";s:19:"2015-04-06 16:30:00";s:10:"disponible";i:1;s:10:"usuario_id";s:1:"5";s:4:"fijo";i:0;}', 31, '2015-04-08 09:19:23', '2015-04-08 09:19:23'),
(217, 1, 'Disponibilidad created', 'a:4:{s:2:"id";i:32;s:6:"inicio";s:19:"2015-04-07 08:30:00";s:3:"fin";s:19:"2015-04-07 16:30:00";s:10:"usuario_id";s:1:"5";}', 32, '2015-04-08 09:19:29', '2015-04-08 09:19:29'),
(218, 1, 'Disponibilidad created', 'a:4:{s:2:"id";i:33;s:6:"inicio";s:19:"2015-04-08 08:30:00";s:3:"fin";s:19:"2015-04-08 16:30:00";s:10:"usuario_id";s:1:"5";}', 33, '2015-04-08 09:19:32', '2015-04-08 09:19:32'),
(219, 1, 'Disponibilidad created', 'a:4:{s:2:"id";i:34;s:6:"inicio";s:19:"2015-04-09 08:30:00";s:3:"fin";s:19:"2015-04-09 16:30:00";s:10:"usuario_id";s:1:"5";}', 34, '2015-04-08 09:19:34', '2015-04-08 09:19:34'),
(220, 1, 'Disponibilidad created', 'a:4:{s:2:"id";i:35;s:6:"inicio";s:19:"2015-04-10 08:30:00";s:3:"fin";s:19:"2015-04-10 16:30:00";s:10:"usuario_id";s:1:"5";}', 35, '2015-04-08 09:19:37', '2015-04-08 09:19:37'),
(221, 1, 'Disponibilidad created', 'a:4:{s:2:"id";i:36;s:6:"inicio";s:19:"2015-04-11 08:30:00";s:3:"fin";s:19:"2015-04-11 09:30:00";s:10:"usuario_id";s:1:"5";}', 36, '2015-04-08 09:19:39', '2015-04-08 09:19:39'),
(222, 1, 'Disponibilidad edited', 'a:6:{s:2:"id";s:2:"36";s:6:"inicio";s:19:"2015-04-11 08:00:00";s:3:"fin";s:19:"2015-04-11 09:00:00";s:10:"disponible";i:1;s:10:"usuario_id";s:1:"5";s:4:"fijo";i:0;}', 36, '2015-04-08 09:19:43', '2015-04-08 09:19:43'),
(223, 1, 'Disponibilidad edited', 'a:6:{s:2:"id";s:2:"36";s:6:"inicio";s:19:"2015-04-11 08:00:00";s:3:"fin";s:19:"2015-04-11 15:00:00";s:10:"disponible";i:1;s:10:"usuario_id";s:1:"5";s:4:"fijo";i:0;}', 36, '2015-04-08 09:19:48', '2015-04-08 09:19:48'),
(224, 1, 'Disponibilidad duplicated', 'a:7:{s:2:"id";i:31;s:6:"inicio";s:19:"2015-04-06 08:30:00";s:3:"fin";s:19:"2015-04-06 16:30:00";s:10:"disponible";i:1;s:10:"usuario_id";i:5;s:4:"fijo";i:0;s:5:"hasta";s:10:"2015-05-03";}', 31, '2015-04-08 09:20:14', '2015-04-08 09:20:14'),
(225, 1, 'Disponibilidad duplicated', 'a:7:{s:2:"id";i:32;s:6:"inicio";s:19:"2015-04-07 08:30:00";s:3:"fin";s:19:"2015-04-07 16:30:00";s:10:"disponible";i:1;s:10:"usuario_id";i:5;s:4:"fijo";i:0;s:5:"hasta";s:10:"2015-05-03";}', 32, '2015-04-08 09:20:14', '2015-04-08 09:20:14'),
(226, 1, 'Disponibilidad duplicated', 'a:7:{s:2:"id";i:33;s:6:"inicio";s:19:"2015-04-08 08:30:00";s:3:"fin";s:19:"2015-04-08 16:30:00";s:10:"disponible";i:1;s:10:"usuario_id";i:5;s:4:"fijo";i:0;s:5:"hasta";s:10:"2015-05-03";}', 33, '2015-04-08 09:20:14', '2015-04-08 09:20:14'),
(227, 1, 'Disponibilidad duplicated', 'a:7:{s:2:"id";i:34;s:6:"inicio";s:19:"2015-04-09 08:30:00";s:3:"fin";s:19:"2015-04-09 16:30:00";s:10:"disponible";i:1;s:10:"usuario_id";i:5;s:4:"fijo";i:0;s:5:"hasta";s:10:"2015-05-03";}', 34, '2015-04-08 09:20:14', '2015-04-08 09:20:14');
INSERT INTO `log` (`id`, `usuario_id`, `accion`, `objeto`, `objeto_id`, `created_at`, `updated_at`) VALUES
(228, 1, 'Disponibilidad duplicated', 'a:7:{s:2:"id";i:35;s:6:"inicio";s:19:"2015-04-10 08:30:00";s:3:"fin";s:19:"2015-04-10 16:30:00";s:10:"disponible";i:1;s:10:"usuario_id";i:5;s:4:"fijo";i:0;s:5:"hasta";s:10:"2015-05-03";}', 35, '2015-04-08 09:20:14', '2015-04-08 09:20:14'),
(229, 1, 'Disponibilidad duplicated', 'a:7:{s:2:"id";i:36;s:6:"inicio";s:19:"2015-04-11 08:00:00";s:3:"fin";s:19:"2015-04-11 15:00:00";s:10:"disponible";i:1;s:10:"usuario_id";i:5;s:4:"fijo";i:0;s:5:"hasta";s:10:"2015-05-03";}', 36, '2015-04-08 09:20:14', '2015-04-08 09:20:14'),
(230, 1, 'Servicio edited', 'a:5:{s:2:"id";i:13;s:6:"nombre";s:16:"Masaje Moldeador";s:11:"descripcion";s:0:"";s:8:"duracion";s:1:"0";s:21:"categoria_servicio_id";s:1:"7";}', 13, '2015-04-08 09:37:06', '2015-04-08 09:37:06'),
(231, 1, 'Servicio edited', 'a:5:{s:2:"id";i:92;s:6:"nombre";s:16:"Masaje Relajante";s:11:"descripcion";s:0:"";s:8:"duracion";s:2:"60";s:21:"categoria_servicio_id";s:1:"7";}', 92, '2015-04-08 09:37:15', '2015-04-08 09:37:15'),
(232, 1, 'Servicio edited', 'a:5:{s:2:"id";i:93;s:6:"nombre";s:24:"Masaje Piedras Calientes";s:11:"descripcion";s:0:"";s:8:"duracion";s:2:"60";s:21:"categoria_servicio_id";s:1:"7";}', 93, '2015-04-08 09:37:24', '2015-04-08 09:37:24'),
(233, 1, 'Servicio edited', 'a:5:{s:2:"id";i:94;s:6:"nombre";s:24:"Masaje Descontracturante";s:11:"descripcion";s:0:"";s:8:"duracion";s:2:"40";s:21:"categoria_servicio_id";s:1:"7";}', 94, '2015-04-08 09:37:41', '2015-04-08 09:37:41'),
(234, 1, 'Servicio edited', 'a:5:{s:2:"id";i:94;s:6:"nombre";s:24:"Masaje Descontracturante";s:11:"descripcion";s:0:"";s:8:"duracion";s:2:"40";s:21:"categoria_servicio_id";s:1:"7";}', 94, '2015-04-08 09:37:50', '2015-04-08 09:37:50'),
(235, 1, 'Consultorio created', 'a:5:{s:6:"nombre";s:10:"Individual";s:11:"descripcion";s:0:"";s:9:"capacidad";s:1:"1";s:7:"area_id";s:1:"2";s:2:"id";i:13;}', 13, '2015-04-08 09:38:30', '2015-04-08 09:38:30'),
(236, 1, 'Consultorio created', 'a:5:{s:6:"nombre";s:5:"Doble";s:11:"descripcion";s:0:"";s:9:"capacidad";s:1:"2";s:7:"area_id";s:1:"2";s:2:"id";i:14;}', 14, '2015-04-08 09:38:40', '2015-04-08 09:38:40'),
(237, 1, 'Consultorio created', 'a:5:{s:6:"nombre";s:18:"Individual Paraban";s:11:"descripcion";s:0:"";s:9:"capacidad";s:1:"2";s:7:"area_id";s:1:"2";s:2:"id";i:15;}', 15, '2015-04-08 09:39:02', '2015-04-08 09:39:02'),
(238, 1, 'Servicio edited', 'a:5:{s:2:"id";i:86;s:6:"nombre";s:17:"Terapia Bienestar";s:11:"descripcion";s:0:"";s:8:"duracion";s:2:"60";s:21:"categoria_servicio_id";s:1:"7";}', 86, '2015-04-08 09:43:55', '2015-04-08 09:43:55'),
(239, 1, 'Servicio edited', 'a:5:{s:2:"id";i:87;s:6:"nombre";s:16:"Terapia Drenante";s:11:"descripcion";s:0:"";s:8:"duracion";s:2:"60";s:21:"categoria_servicio_id";s:1:"7";}', 87, '2015-04-08 09:44:10', '2015-04-08 09:44:10'),
(240, 1, 'Consultorio created', 'a:5:{s:6:"nombre";s:7:"Piscina";s:11:"descripcion";s:0:"";s:9:"capacidad";s:2:"20";s:7:"area_id";s:1:"2";s:2:"id";i:16;}', 16, '2015-04-08 09:45:48', '2015-04-08 09:45:48'),
(241, 1, 'Cita created', 'a:10:{s:5:"fecha";s:10:"2015-04-06";s:11:"hora_inicio";s:19:"2015-04-06 08:00:00";s:8:"hora_fin";s:19:"2015-04-06 09:00:00";s:9:"doctor_id";s:1:"5";s:11:"paciente_id";s:1:"6";s:11:"servicio_id";s:2:"86";s:14:"consultorio_id";s:2:"16";s:10:"updated_at";s:19:"2015-04-08 09:47:40";s:10:"created_at";s:19:"2015-04-08 09:47:40";s:2:"id";i:8;}', 8, '2015-04-08 09:47:40', '2015-04-08 09:47:40'),
(242, 1, 'Cita deleted', 'a:11:{s:2:"id";i:8;s:5:"fecha";s:10:"2015-04-06";s:11:"hora_inicio";s:19:"2015-04-06 08:00:00";s:8:"hora_fin";s:19:"2015-04-06 09:00:00";s:6:"estado";i:0;s:9:"doctor_id";i:5;s:11:"paciente_id";i:6;s:11:"servicio_id";i:86;s:14:"consultorio_id";i:16;s:10:"created_at";s:19:"2015-04-08 09:47:40";s:10:"updated_at";s:19:"2015-04-08 09:47:40";}', 8, '2015-04-08 09:47:50', '2015-04-08 09:47:50'),
(243, 1, 'Cita created', 'a:10:{s:5:"fecha";s:10:"2015-04-06";s:11:"hora_inicio";s:19:"2015-04-06 08:30:00";s:8:"hora_fin";s:19:"2015-04-06 09:30:00";s:9:"doctor_id";s:1:"5";s:11:"paciente_id";s:1:"6";s:11:"servicio_id";s:2:"86";s:14:"consultorio_id";s:2:"16";s:10:"updated_at";s:19:"2015-04-08 09:48:25";s:10:"created_at";s:19:"2015-04-08 09:48:25";s:2:"id";i:9;}', 9, '2015-04-08 09:48:25', '2015-04-08 09:48:25'),
(244, 1, 'Cita deleted', 'a:11:{s:2:"id";i:9;s:5:"fecha";s:10:"2015-04-06";s:11:"hora_inicio";s:19:"2015-04-06 08:30:00";s:8:"hora_fin";s:19:"2015-04-06 09:30:00";s:6:"estado";i:0;s:9:"doctor_id";i:5;s:11:"paciente_id";i:6;s:11:"servicio_id";i:86;s:14:"consultorio_id";i:16;s:10:"created_at";s:19:"2015-04-08 09:48:25";s:10:"updated_at";s:19:"2015-04-08 09:48:25";}', 9, '2015-04-08 09:49:02', '2015-04-08 09:49:02'),
(245, 1, 'Cita created', 'a:10:{s:5:"fecha";s:10:"2015-04-06";s:11:"hora_inicio";s:19:"2015-04-06 08:30:00";s:8:"hora_fin";s:19:"2015-04-06 09:10:00";s:9:"doctor_id";s:1:"5";s:11:"paciente_id";s:1:"6";s:11:"servicio_id";s:2:"94";s:14:"consultorio_id";s:2:"16";s:10:"updated_at";s:19:"2015-04-08 09:49:14";s:10:"created_at";s:19:"2015-04-08 09:49:14";s:2:"id";i:10;}', 10, '2015-04-08 09:49:14', '2015-04-08 09:49:14'),
(246, 1, 'Cita deleted', 'a:11:{s:2:"id";i:10;s:5:"fecha";s:10:"2015-04-06";s:11:"hora_inicio";s:19:"2015-04-06 08:30:00";s:8:"hora_fin";s:19:"2015-04-06 09:10:00";s:6:"estado";i:0;s:9:"doctor_id";i:5;s:11:"paciente_id";i:6;s:11:"servicio_id";i:94;s:14:"consultorio_id";i:16;s:10:"created_at";s:19:"2015-04-08 09:49:14";s:10:"updated_at";s:19:"2015-04-08 09:49:14";}', 10, '2015-04-08 09:50:28', '2015-04-08 09:50:28'),
(247, 1, 'User created', 'a:4:{s:6:"nombre";s:12:"svandeneynde";s:10:"updated_at";s:19:"2015-04-08 09:52:39";s:10:"created_at";s:19:"2015-04-08 09:52:39";s:2:"id";i:18;}', 18, '2015-04-08 09:52:39', '2015-04-08 09:52:39'),
(248, 18, 'Paciente created', 'a:12:{s:6:"nombre";s:6:"Simone";s:8:"apellido";s:11:"Vandeneynde";s:4:"tdni";s:1:"V";s:3:"dni";s:10:"V-15136720";s:16:"fecha_nacimiento";s:10:"1964-04-29";s:4:"sexo";i:0;s:12:"estado_civil";s:1:"0";s:9:"direccion";s:13:"Villa Granada";s:10:"usuario_id";i:18;s:10:"updated_at";s:19:"2015-04-08 09:55:43";s:10:"created_at";s:19:"2015-04-08 09:55:43";s:2:"id";i:17;}', 17, '2015-04-08 09:55:43', '2015-04-08 09:55:43'),
(249, 1, 'Servicio edited', 'a:5:{s:2:"id";i:9;s:6:"nombre";s:19:"Plataforma Vibrante";s:11:"descripcion";s:0:"";s:8:"duracion";s:2:"60";s:21:"categoria_servicio_id";s:1:"5";}', 9, '2015-04-08 10:07:29', '2015-04-08 10:07:29'),
(250, 1, 'Servicio edited', 'a:5:{s:2:"id";i:11;s:6:"nombre";s:28:"Drenaje Linfatico Localizado";s:11:"descripcion";s:0:"";s:8:"duracion";s:2:"30";s:21:"categoria_servicio_id";s:1:"5";}', 11, '2015-04-08 10:08:16', '2015-04-08 10:08:16'),
(251, 1, 'Servicio edited', 'a:5:{s:2:"id";i:12;s:6:"nombre";s:26:"Drenaje Linfatico Completo";s:11:"descripcion";s:0:"";s:8:"duracion";s:3:"120";s:21:"categoria_servicio_id";s:1:"5";}', 12, '2015-04-08 10:09:13', '2015-04-08 10:09:13'),
(252, 1, 'Servicio edited', 'a:5:{s:2:"id";i:13;s:6:"nombre";s:16:"Masaje Moldeador";s:11:"descripcion";s:0:"";s:8:"duracion";s:2:"40";s:21:"categoria_servicio_id";s:1:"7";}', 13, '2015-04-08 10:09:50', '2015-04-08 10:09:50'),
(253, 1, 'Servicio edited', 'a:5:{s:2:"id";i:88;s:6:"nombre";s:20:"Exfoliacion Corporal";s:11:"descripcion";s:0:"";s:8:"duracion";s:2:"30";s:21:"categoria_servicio_id";s:1:"7";}', 88, '2015-04-08 10:10:36', '2015-04-08 10:10:36'),
(254, 1, 'Servicio edited', 'a:5:{s:2:"id";i:89;s:6:"nombre";s:20:"Hidratacion Corporal";s:11:"descripcion";s:0:"";s:8:"duracion";s:2:"30";s:21:"categoria_servicio_id";s:1:"5";}', 89, '2015-04-08 10:11:01', '2015-04-08 10:11:01'),
(255, 1, 'Servicio edited', 'a:5:{s:2:"id";i:90;s:6:"nombre";s:12:"Fangoterapia";s:11:"descripcion";s:0:"";s:8:"duracion";s:2:"30";s:21:"categoria_servicio_id";s:1:"7";}', 90, '2015-04-08 10:11:28', '2015-04-08 10:11:28'),
(256, 1, 'Servicio edited', 'a:5:{s:2:"id";i:91;s:6:"nombre";s:14:"Chocolaterapia";s:11:"descripcion";s:0:"";s:8:"duracion";s:2:"30";s:21:"categoria_servicio_id";s:1:"7";}', 91, '2015-04-08 10:12:07', '2015-04-08 10:12:07'),
(257, 1, 'Servicio edited', 'a:5:{s:2:"id";i:92;s:6:"nombre";s:16:"Masaje Relajante";s:11:"descripcion";s:0:"";s:8:"duracion";s:2:"60";s:21:"categoria_servicio_id";s:1:"7";}', 92, '2015-04-08 10:12:34', '2015-04-08 10:12:34'),
(258, 1, 'Servicio edited', 'a:5:{s:2:"id";i:93;s:6:"nombre";s:24:"Masaje Piedras Calientes";s:11:"descripcion";s:0:"";s:8:"duracion";s:2:"60";s:21:"categoria_servicio_id";s:1:"7";}', 93, '2015-04-08 10:12:59', '2015-04-08 10:12:59'),
(259, 1, 'Servicio edited', 'a:5:{s:2:"id";i:94;s:6:"nombre";s:24:"Masaje Descontracturante";s:11:"descripcion";s:0:"";s:8:"duracion";s:2:"40";s:21:"categoria_servicio_id";s:1:"7";}', 94, '2015-04-08 10:13:22', '2015-04-08 10:13:22'),
(260, 1, 'Servicio edited', 'a:5:{s:2:"id";i:95;s:6:"nombre";s:12:"Facial Relax";s:11:"descripcion";s:0:"";s:8:"duracion";s:2:"30";s:21:"categoria_servicio_id";s:1:"4";}', 95, '2015-04-08 10:13:52', '2015-04-08 10:13:52'),
(261, 1, 'Servicio edited', 'a:5:{s:2:"id";i:98;s:6:"nombre";s:35:"Tratamiento Soñado Spa 5 Estrellas";s:11:"descripcion";s:0:"";s:8:"duracion";s:3:"120";s:21:"categoria_servicio_id";s:1:"5";}', 98, '2015-04-08 10:14:29', '2015-04-08 10:14:29'),
(262, 1, 'Servicio edited', 'a:5:{s:2:"id";i:99;s:6:"nombre";s:13:"Fast Slimming";s:11:"descripcion";s:0:"";s:8:"duracion";s:3:"120";s:21:"categoria_servicio_id";s:1:"5";}', 99, '2015-04-08 10:14:57', '2015-04-08 10:14:57'),
(263, 1, 'Servicio edited', 'a:5:{s:2:"id";i:100;s:6:"nombre";s:25:"Tratamiento Algas Marinas";s:11:"descripcion";s:0:"";s:8:"duracion";s:2:"90";s:21:"categoria_servicio_id";s:1:"7";}', 100, '2015-04-08 10:15:52', '2015-04-08 10:15:52'),
(264, 1, 'Servicio edited', 'a:5:{s:2:"id";i:98;s:6:"nombre";s:35:"Tratamiento Soñado Spa 5 Estrellas";s:11:"descripcion";s:0:"";s:8:"duracion";s:3:"120";s:21:"categoria_servicio_id";s:1:"7";}', 98, '2015-04-08 10:16:12', '2015-04-08 10:16:12'),
(265, 1, 'Servicio edited', 'a:5:{s:2:"id";i:95;s:6:"nombre";s:12:"Facial Relax";s:11:"descripcion";s:0:"";s:8:"duracion";s:2:"30";s:21:"categoria_servicio_id";s:1:"7";}', 95, '2015-04-08 10:17:25', '2015-04-08 10:17:25'),
(266, 1, 'Servicio edited', 'a:5:{s:2:"id";i:99;s:6:"nombre";s:13:"Fast Slimming";s:11:"descripcion";s:0:"";s:8:"duracion";s:3:"120";s:21:"categoria_servicio_id";s:1:"7";}', 99, '2015-04-08 10:17:43', '2015-04-08 10:17:43'),
(267, 1, 'Servicio edited', 'a:5:{s:2:"id";i:70;s:6:"nombre";s:21:"Depilacion Para Cejas";s:11:"descripcion";s:0:"";s:8:"duracion";s:2:"30";s:21:"categoria_servicio_id";s:1:"4";}', 70, '2015-04-08 10:19:31', '2015-04-08 10:19:31'),
(268, 1, 'Servicio edited', 'a:5:{s:2:"id";i:71;s:6:"nombre";s:20:"Depilacion Cera Bozo";s:11:"descripcion";s:0:"";s:8:"duracion";s:2:"20";s:21:"categoria_servicio_id";s:1:"6";}', 71, '2015-04-08 10:19:54', '2015-04-08 10:19:54'),
(269, 1, 'Servicio edited', 'a:5:{s:2:"id";i:72;s:6:"nombre";s:22:"Depilacion Cera Menton";s:11:"descripcion";s:0:"";s:8:"duracion";s:2:"20";s:21:"categoria_servicio_id";s:1:"6";}', 72, '2015-04-08 10:20:37', '2015-04-08 10:20:37'),
(270, 1, 'Servicio edited', 'a:5:{s:2:"id";i:73;s:6:"nombre";s:22:"Depilacion Cera Frente";s:11:"descripcion";s:0:"";s:8:"duracion";s:2:"20";s:21:"categoria_servicio_id";s:1:"6";}', 73, '2015-04-08 10:21:45', '2015-04-08 10:21:45'),
(271, 1, 'Servicio deleted', 'a:5:{s:2:"id";i:74;s:6:"nombre";s:22:"Depilacion Cera Frente";s:11:"descripcion";s:0:"";s:8:"duracion";i:20;s:21:"categoria_servicio_id";i:6;}', 74, '2015-04-08 10:21:57', '2015-04-08 10:21:57'),
(272, 1, 'Servicio edited', 'a:5:{s:2:"id";i:75;s:6:"nombre";s:22:"Depilacion Cera Axilas";s:11:"descripcion";s:0:"";s:8:"duracion";s:2:"30";s:21:"categoria_servicio_id";s:1:"6";}', 75, '2015-04-08 10:22:21', '2015-04-08 10:22:21'),
(273, 1, 'Servicio edited', 'a:5:{s:2:"id";i:76;s:6:"nombre";s:28:"Depilacion Cera Linea Bikini";s:11:"descripcion";s:0:"";s:8:"duracion";s:2:"30";s:21:"categoria_servicio_id";s:1:"6";}', 76, '2015-04-08 10:22:41', '2015-04-08 10:22:41'),
(274, 1, 'Servicio edited', 'a:5:{s:2:"id";i:77;s:6:"nombre";s:31:"Depilacion Cera Bikini Completa";s:11:"descripcion";s:0:"";s:8:"duracion";s:2:"30";s:21:"categoria_servicio_id";s:1:"6";}', 77, '2015-04-08 10:23:15', '2015-04-08 10:23:15'),
(275, 1, 'Servicio edited', 'a:5:{s:2:"id";i:78;s:6:"nombre";s:23:"Depilacion Cera Gluteos";s:11:"descripcion";s:0:"";s:8:"duracion";s:2:"30";s:21:"categoria_servicio_id";s:1:"6";}', 78, '2015-04-08 10:23:29', '2015-04-08 10:23:29'),
(276, 1, 'Servicio edited', 'a:5:{s:2:"id";i:79;s:6:"nombre";s:26:"Depilacion Cera 1/2 Pierna";s:11:"descripcion";s:0:"";s:8:"duracion";s:2:"30";s:21:"categoria_servicio_id";s:1:"6";}', 79, '2015-04-08 10:23:44', '2015-04-08 10:23:44'),
(277, 1, 'Servicio edited', 'a:5:{s:2:"id";i:80;s:6:"nombre";s:31:"Depilacion Cera Pierna Completa";s:11:"descripcion";s:0:"";s:8:"duracion";s:2:"60";s:21:"categoria_servicio_id";s:1:"6";}', 80, '2015-04-08 10:25:07', '2015-04-08 10:25:07'),
(278, 1, 'Servicio edited', 'a:5:{s:2:"id";i:81;s:6:"nombre";s:30:"Depilacion Cera Brazo Completo";s:11:"descripcion";s:0:"";s:8:"duracion";s:2:"40";s:21:"categoria_servicio_id";N;}', 81, '2015-04-08 10:25:16', '2015-04-08 10:25:16'),
(279, 1, 'Servicio edited', 'a:5:{s:2:"id";i:81;s:6:"nombre";s:30:"Depilacion Cera Brazo Completo";s:11:"descripcion";s:0:"";s:8:"duracion";s:2:"40";s:21:"categoria_servicio_id";s:1:"6";}', 81, '2015-04-08 10:25:33', '2015-04-08 10:25:33'),
(280, 1, 'Servicio edited', 'a:5:{s:2:"id";i:82;s:6:"nombre";s:29:"Depilacion Cera Media Espalda";s:11:"descripcion";s:0:"";s:8:"duracion";s:2:"30";s:21:"categoria_servicio_id";s:1:"6";}', 82, '2015-04-08 10:25:49', '2015-04-08 10:25:49'),
(281, 1, 'Servicio edited', 'a:5:{s:2:"id";i:83;s:6:"nombre";s:32:"Depilacion Cera Espalda Completa";s:11:"descripcion";s:0:"";s:8:"duracion";s:2:"60";s:21:"categoria_servicio_id";s:1:"6";}', 83, '2015-04-08 10:26:02', '2015-04-08 10:26:02'),
(282, 1, 'Servicio edited', 'a:5:{s:2:"id";i:84;s:6:"nombre";s:21:"Depilacion Cera Pecho";s:11:"descripcion";s:0:"";s:8:"duracion";s:2:"40";s:21:"categoria_servicio_id";s:1:"6";}', 84, '2015-04-08 10:26:17', '2015-04-08 10:26:17'),
(283, 1, 'Servicio edited', 'a:5:{s:2:"id";i:85;s:6:"nombre";s:23:"Depilacion Cera Abdomen";s:11:"descripcion";s:0:"";s:8:"duracion";s:2:"40";s:21:"categoria_servicio_id";s:1:"6";}', 85, '2015-04-08 10:26:30', '2015-04-08 10:26:30'),
(284, 1, 'Disponibilidad created', 'a:4:{s:2:"id";i:55;s:6:"inicio";s:19:"2015-04-06 08:00:00";s:3:"fin";s:19:"2015-04-06 08:30:00";s:10:"usuario_id";s:1:"6";}', 55, '2015-04-08 10:34:15', '2015-04-08 10:34:15'),
(285, 1, 'Disponibilidad edited', 'a:6:{s:2:"id";s:2:"55";s:6:"inicio";s:19:"2015-04-06 08:00:00";s:3:"fin";s:19:"2015-04-06 11:00:00";s:10:"disponible";i:1;s:10:"usuario_id";s:1:"6";s:4:"fijo";i:0;}', 55, '2015-04-08 10:34:21', '2015-04-08 10:34:21'),
(286, 1, 'Disponibilidad created', 'a:4:{s:2:"id";i:56;s:6:"inicio";s:19:"2015-04-06 12:00:00";s:3:"fin";s:19:"2015-04-06 12:30:00";s:10:"usuario_id";s:1:"6";}', 56, '2015-04-08 10:34:24', '2015-04-08 10:34:24'),
(287, 1, 'Disponibilidad edited', 'a:6:{s:2:"id";s:2:"56";s:6:"inicio";s:19:"2015-04-06 14:00:00";s:3:"fin";s:19:"2015-04-06 14:30:00";s:10:"disponible";i:1;s:10:"usuario_id";s:1:"6";s:4:"fijo";i:0;}', 56, '2015-04-08 10:34:29', '2015-04-08 10:34:29'),
(288, 1, 'Disponibilidad edited', 'a:6:{s:2:"id";s:2:"56";s:6:"inicio";s:19:"2015-04-06 14:00:00";s:3:"fin";s:19:"2015-04-06 16:00:00";s:10:"disponible";i:1;s:10:"usuario_id";s:1:"6";s:4:"fijo";i:0;}', 56, '2015-04-08 10:34:32', '2015-04-08 10:34:32'),
(289, 1, 'Disponibilidad created', 'a:4:{s:2:"id";i:57;s:6:"inicio";s:19:"2015-04-07 08:00:00";s:3:"fin";s:19:"2015-04-07 08:30:00";s:10:"usuario_id";s:1:"6";}', 57, '2015-04-08 10:34:50', '2015-04-08 10:34:50'),
(290, 1, 'Disponibilidad edited', 'a:6:{s:2:"id";s:2:"57";s:6:"inicio";s:19:"2015-04-07 08:00:00";s:3:"fin";s:19:"2015-04-07 13:00:00";s:10:"disponible";i:1;s:10:"usuario_id";s:1:"6";s:4:"fijo";i:0;}', 57, '2015-04-08 10:34:54', '2015-04-08 10:34:54'),
(291, 1, 'Disponibilidad created', 'a:4:{s:2:"id";i:58;s:6:"inicio";s:19:"2015-04-08 08:00:00";s:3:"fin";s:19:"2015-04-08 08:30:00";s:10:"usuario_id";s:1:"6";}', 58, '2015-04-08 10:35:22', '2015-04-08 10:35:22'),
(292, 1, 'Disponibilidad edited', 'a:6:{s:2:"id";s:2:"58";s:6:"inicio";s:19:"2015-04-08 08:00:00";s:3:"fin";s:19:"2015-04-08 16:00:00";s:10:"disponible";i:1;s:10:"usuario_id";s:1:"6";s:4:"fijo";i:0;}', 58, '2015-04-08 10:35:27', '2015-04-08 10:35:27'),
(293, 1, 'Disponibilidad created', 'a:4:{s:2:"id";i:59;s:6:"inicio";s:19:"2015-04-09 08:00:00";s:3:"fin";s:19:"2015-04-09 08:30:00";s:10:"usuario_id";s:1:"6";}', 59, '2015-04-08 10:35:28', '2015-04-08 10:35:28'),
(294, 1, 'Disponibilidad edited', 'a:6:{s:2:"id";s:2:"59";s:6:"inicio";s:19:"2015-04-09 08:00:00";s:3:"fin";s:19:"2015-04-09 16:00:00";s:10:"disponible";i:1;s:10:"usuario_id";s:1:"6";s:4:"fijo";i:0;}', 59, '2015-04-08 10:35:30', '2015-04-08 10:35:30'),
(295, 18, 'Cita created', 'a:10:{s:5:"fecha";s:10:"2015-04-06";s:11:"hora_inicio";s:19:"2015-04-06 08:30:00";s:8:"hora_fin";s:19:"2015-04-06 09:00:00";s:9:"doctor_id";s:1:"5";s:11:"paciente_id";s:1:"7";s:11:"servicio_id";s:2:"89";s:14:"consultorio_id";s:1:"9";s:10:"updated_at";s:19:"2015-04-08 10:43:36";s:10:"created_at";s:19:"2015-04-08 10:43:36";s:2:"id";i:11;}', 11, '2015-04-08 10:43:36', '2015-04-08 10:43:36'),
(296, 18, 'Cita edited', 'a:11:{s:2:"id";i:11;s:5:"fecha";s:10:"2015-04-06";s:11:"hora_inicio";s:19:"2015-04-06 08:30:00";s:8:"hora_fin";s:19:"2015-04-06 09:00:00";s:6:"estado";i:0;s:9:"doctor_id";s:1:"5";s:11:"paciente_id";s:1:"7";s:11:"servicio_id";s:2:"89";s:14:"consultorio_id";s:2:"12";s:10:"created_at";s:19:"2015-04-08 10:43:36";s:10:"updated_at";s:19:"2015-04-08 10:43:36";}', 11, '2015-04-08 10:44:36', '2015-04-08 10:44:36'),
(297, 18, 'Cita changed_state', 'a:11:{s:2:"id";i:11;s:5:"fecha";s:10:"2015-04-06";s:11:"hora_inicio";s:19:"2015-04-06 08:30:00";s:8:"hora_fin";s:19:"2015-04-06 09:00:00";s:6:"estado";i:3;s:9:"doctor_id";i:5;s:11:"paciente_id";i:7;s:11:"servicio_id";i:89;s:14:"consultorio_id";i:12;s:10:"created_at";s:19:"2015-04-08 10:43:36";s:10:"updated_at";s:19:"2015-04-08 10:44:36";}', 11, '2015-04-08 10:45:36', '2015-04-08 10:45:36'),
(298, 18, 'Cita created', 'a:10:{s:5:"fecha";s:10:"2015-04-06";s:11:"hora_inicio";s:19:"2015-04-06 08:40:00";s:8:"hora_fin";s:19:"2015-04-06 09:10:00";s:9:"doctor_id";s:1:"5";s:11:"paciente_id";s:2:"13";s:11:"servicio_id";s:2:"89";s:14:"consultorio_id";s:2:"11";s:10:"updated_at";s:19:"2015-04-08 10:47:34";s:10:"created_at";s:19:"2015-04-08 10:47:34";s:2:"id";i:12;}', 12, '2015-04-08 10:47:34', '2015-04-08 10:47:34'),
(299, 18, 'Nota created', 'a:5:{s:9:"contenido";s:9:"Cancelada";s:7:"cita_id";s:2:"12";s:10:"updated_at";s:19:"2015-04-08 10:49:53";s:10:"created_at";s:19:"2015-04-08 10:49:53";s:2:"id";i:1;}', 1, '2015-04-08 10:49:53', '2015-04-08 10:49:53'),
(300, 18, 'Nota edited', 'a:5:{s:2:"id";i:1;s:9:"contenido";s:9:"Cancelada";s:7:"cita_id";s:2:"12";s:10:"created_at";s:19:"2015-04-08 10:49:53";s:10:"updated_at";s:19:"2015-04-08 10:49:53";}', 1, '2015-04-08 10:51:19', '2015-04-08 10:51:19'),
(301, 18, 'Cita edited', 'a:11:{s:2:"id";i:12;s:5:"fecha";s:10:"2015-04-08";s:11:"hora_inicio";s:19:"2015-04-08 08:30:00";s:8:"hora_fin";s:19:"2015-04-08 09:00:00";s:6:"estado";i:0;s:9:"doctor_id";i:5;s:11:"paciente_id";i:13;s:11:"servicio_id";i:89;s:14:"consultorio_id";i:11;s:10:"created_at";s:19:"2015-04-08 10:47:34";s:10:"updated_at";s:19:"2015-04-08 10:47:34";}', 12, '2015-04-08 10:52:36', '2015-04-08 10:52:36'),
(302, 18, 'Cita edited', 'a:11:{s:2:"id";i:12;s:5:"fecha";s:10:"2015-04-15";s:11:"hora_inicio";s:19:"2015-04-15 08:30:00";s:8:"hora_fin";s:19:"2015-04-15 09:00:00";s:6:"estado";i:0;s:9:"doctor_id";s:1:"5";s:11:"paciente_id";s:2:"13";s:11:"servicio_id";s:2:"89";s:14:"consultorio_id";s:2:"11";s:10:"created_at";s:19:"2015-04-08 10:47:34";s:10:"updated_at";s:19:"2015-04-08 10:52:36";}', 12, '2015-04-08 10:53:28', '2015-04-08 10:53:28'),
(303, 18, 'Cita edited', 'a:11:{s:2:"id";i:12;s:5:"fecha";s:10:"2015-04-15";s:11:"hora_inicio";s:19:"2015-04-15 09:30:00";s:8:"hora_fin";s:19:"2015-04-15 10:00:00";s:6:"estado";i:0;s:9:"doctor_id";i:5;s:11:"paciente_id";i:13;s:11:"servicio_id";i:89;s:14:"consultorio_id";i:11;s:10:"created_at";s:19:"2015-04-08 10:47:34";s:10:"updated_at";s:19:"2015-04-08 10:53:28";}', 12, '2015-04-08 10:54:22', '2015-04-08 10:54:22'),
(304, 18, 'Cita created', 'a:10:{s:5:"fecha";s:10:"2015-04-15";s:11:"hora_inicio";s:19:"2015-04-15 08:30:00";s:8:"hora_fin";s:19:"2015-04-15 09:00:00";s:9:"doctor_id";s:1:"5";s:11:"paciente_id";s:2:"12";s:11:"servicio_id";s:2:"89";s:14:"consultorio_id";s:2:"11";s:10:"updated_at";s:19:"2015-04-08 10:56:23";s:10:"created_at";s:19:"2015-04-08 10:56:23";s:2:"id";i:13;}', 13, '2015-04-08 10:56:23', '2015-04-08 10:56:23'),
(305, 18, 'Cita created', 'a:10:{s:5:"fecha";s:10:"2015-04-08";s:11:"hora_inicio";s:19:"2015-04-08 08:40:00";s:8:"hora_fin";s:19:"2015-04-08 09:10:00";s:9:"doctor_id";s:1:"6";s:11:"paciente_id";s:2:"12";s:11:"servicio_id";s:2:"89";s:14:"consultorio_id";s:2:"11";s:10:"updated_at";s:19:"2015-04-08 10:58:13";s:10:"created_at";s:19:"2015-04-08 10:58:13";s:2:"id";i:14;}', 14, '2015-04-08 10:58:13', '2015-04-08 10:58:13'),
(306, 18, 'Cita created', 'a:10:{s:5:"fecha";s:10:"2015-04-08";s:11:"hora_inicio";s:19:"2015-04-08 10:00:00";s:8:"hora_fin";s:19:"2015-04-08 10:30:00";s:9:"doctor_id";s:1:"5";s:11:"paciente_id";s:2:"12";s:11:"servicio_id";s:2:"89";s:14:"consultorio_id";s:2:"11";s:10:"updated_at";s:19:"2015-04-08 10:58:37";s:10:"created_at";s:19:"2015-04-08 10:58:37";s:2:"id";i:15;}', 15, '2015-04-08 10:58:37', '2015-04-08 10:58:37'),
(307, 18, 'Cita changed_state', 'a:11:{s:2:"id";i:14;s:5:"fecha";s:10:"2015-04-08";s:11:"hora_inicio";s:19:"2015-04-08 08:40:00";s:8:"hora_fin";s:19:"2015-04-08 09:10:00";s:6:"estado";i:2;s:9:"doctor_id";i:6;s:11:"paciente_id";i:12;s:11:"servicio_id";i:89;s:14:"consultorio_id";i:11;s:10:"created_at";s:19:"2015-04-08 10:58:13";s:10:"updated_at";s:19:"2015-04-08 10:58:13";}', 14, '2015-04-08 11:00:50', '2015-04-08 11:00:50'),
(308, 18, 'Cita changed_state', 'a:11:{s:2:"id";i:14;s:5:"fecha";s:10:"2015-04-08";s:11:"hora_inicio";s:19:"2015-04-08 08:40:00";s:8:"hora_fin";s:19:"2015-04-08 09:10:00";s:6:"estado";i:1;s:9:"doctor_id";i:6;s:11:"paciente_id";i:12;s:11:"servicio_id";i:89;s:14:"consultorio_id";i:11;s:10:"created_at";s:19:"2015-04-08 10:58:13";s:10:"updated_at";s:19:"2015-04-08 11:00:50";}', 14, '2015-04-08 11:00:58', '2015-04-08 11:00:58'),
(309, 18, 'Cita edited', 'a:11:{s:2:"id";i:15;s:5:"fecha";s:10:"2015-04-11";s:11:"hora_inicio";s:19:"2015-04-11 10:00:00";s:8:"hora_fin";s:19:"2015-04-11 10:30:00";s:6:"estado";i:0;s:9:"doctor_id";i:5;s:11:"paciente_id";i:12;s:11:"servicio_id";i:89;s:14:"consultorio_id";i:11;s:10:"created_at";s:19:"2015-04-08 10:58:37";s:10:"updated_at";s:19:"2015-04-08 10:58:37";}', 15, '2015-04-08 11:02:06', '2015-04-08 11:02:06'),
(310, 18, 'Cita edited', 'a:11:{s:2:"id";i:15;s:5:"fecha";s:10:"2015-04-11";s:11:"hora_inicio";s:19:"2015-04-11 14:30:00";s:8:"hora_fin";s:19:"2015-04-11 15:00:00";s:6:"estado";i:0;s:9:"doctor_id";i:5;s:11:"paciente_id";i:12;s:11:"servicio_id";i:89;s:14:"consultorio_id";i:11;s:10:"created_at";s:19:"2015-04-08 10:58:37";s:10:"updated_at";s:19:"2015-04-08 11:02:05";}', 15, '2015-04-08 11:02:53', '2015-04-08 11:02:53'),
(311, 18, 'Cita edited', 'a:11:{s:2:"id";i:15;s:5:"fecha";s:10:"2015-04-08";s:11:"hora_inicio";s:19:"2015-04-08 09:50:00";s:8:"hora_fin";s:19:"2015-04-08 10:20:00";s:6:"estado";i:0;s:9:"doctor_id";i:5;s:11:"paciente_id";i:12;s:11:"servicio_id";i:89;s:14:"consultorio_id";i:11;s:10:"created_at";s:19:"2015-04-08 10:58:37";s:10:"updated_at";s:19:"2015-04-08 11:02:53";}', 15, '2015-04-08 11:03:03', '2015-04-08 11:03:03'),
(312, 18, 'Cita edited', 'a:11:{s:2:"id";i:15;s:5:"fecha";s:10:"2015-04-08";s:11:"hora_inicio";s:19:"2015-04-08 09:40:00";s:8:"hora_fin";s:19:"2015-04-08 10:10:00";s:6:"estado";i:0;s:9:"doctor_id";i:5;s:11:"paciente_id";i:12;s:11:"servicio_id";i:89;s:14:"consultorio_id";i:11;s:10:"created_at";s:19:"2015-04-08 10:58:37";s:10:"updated_at";s:19:"2015-04-08 11:03:03";}', 15, '2015-04-08 11:03:05', '2015-04-08 11:03:05'),
(313, 18, 'Cita edited', 'a:11:{s:2:"id";i:15;s:5:"fecha";s:10:"2015-04-11";s:11:"hora_inicio";s:19:"2015-04-11 14:30:00";s:8:"hora_fin";s:19:"2015-04-11 15:00:00";s:6:"estado";i:0;s:9:"doctor_id";i:5;s:11:"paciente_id";i:12;s:11:"servicio_id";i:89;s:14:"consultorio_id";i:11;s:10:"created_at";s:19:"2015-04-08 10:58:37";s:10:"updated_at";s:19:"2015-04-08 11:03:05";}', 15, '2015-04-08 11:03:39', '2015-04-08 11:03:39'),
(314, 1, 'Disponibilidad created', 'a:4:{s:2:"id";i:60;s:6:"inicio";s:19:"2015-04-10 08:30:00";s:3:"fin";s:19:"2015-04-10 09:00:00";s:10:"usuario_id";s:1:"6";}', 60, '2015-04-08 11:09:10', '2015-04-08 11:09:10'),
(315, 1, 'Disponibilidad deleted', 'a:6:{s:2:"id";i:60;s:6:"inicio";s:19:"2015-04-10 08:30:00";s:3:"fin";s:19:"2015-04-10 09:00:00";s:10:"disponible";i:1;s:10:"usuario_id";i:6;s:4:"fijo";i:0;}', 60, '2015-04-08 11:09:13', '2015-04-08 11:09:13'),
(316, 1, 'Disponibilidad created', 'a:4:{s:2:"id";i:61;s:6:"inicio";s:19:"2015-04-10 09:30:00";s:3:"fin";s:19:"2015-04-10 16:30:00";s:10:"usuario_id";s:1:"6";}', 61, '2015-04-08 11:09:21', '2015-04-08 11:09:21'),
(317, 1, 'Disponibilidad edited', 'a:6:{s:2:"id";s:2:"61";s:6:"inicio";s:19:"2015-04-10 09:30:00";s:3:"fin";s:19:"2015-04-10 16:00:00";s:10:"disponible";i:1;s:10:"usuario_id";s:1:"6";s:4:"fijo";i:0;}', 61, '2015-04-08 11:09:27', '2015-04-08 11:09:27'),
(318, 1, 'Disponibilidad created', 'a:4:{s:2:"id";i:62;s:6:"inicio";s:19:"2015-04-11 08:00:00";s:3:"fin";s:19:"2015-04-11 15:00:00";s:10:"usuario_id";s:1:"6";}', 62, '2015-04-08 11:09:46', '2015-04-08 11:09:46'),
(319, 1, 'Disponibilidad duplicated', 'a:7:{s:2:"id";i:55;s:6:"inicio";s:19:"2015-04-06 08:00:00";s:3:"fin";s:19:"2015-04-06 11:00:00";s:10:"disponible";i:1;s:10:"usuario_id";i:6;s:4:"fijo";i:0;s:5:"hasta";s:10:"2015-06-30";}', 55, '2015-04-08 11:10:16', '2015-04-08 11:10:16'),
(320, 1, 'Disponibilidad duplicated', 'a:7:{s:2:"id";i:56;s:6:"inicio";s:19:"2015-04-06 14:00:00";s:3:"fin";s:19:"2015-04-06 16:00:00";s:10:"disponible";i:1;s:10:"usuario_id";i:6;s:4:"fijo";i:0;s:5:"hasta";s:10:"2015-06-30";}', 56, '2015-04-08 11:10:17', '2015-04-08 11:10:17'),
(321, 1, 'Disponibilidad duplicated', 'a:7:{s:2:"id";i:57;s:6:"inicio";s:19:"2015-04-07 08:00:00";s:3:"fin";s:19:"2015-04-07 13:00:00";s:10:"disponible";i:1;s:10:"usuario_id";i:6;s:4:"fijo";i:0;s:5:"hasta";s:10:"2015-06-30";}', 57, '2015-04-08 11:10:17', '2015-04-08 11:10:17'),
(322, 1, 'Disponibilidad duplicated', 'a:7:{s:2:"id";i:58;s:6:"inicio";s:19:"2015-04-08 08:00:00";s:3:"fin";s:19:"2015-04-08 16:00:00";s:10:"disponible";i:1;s:10:"usuario_id";i:6;s:4:"fijo";i:0;s:5:"hasta";s:10:"2015-06-30";}', 58, '2015-04-08 11:10:17', '2015-04-08 11:10:17'),
(323, 1, 'Disponibilidad duplicated', 'a:7:{s:2:"id";i:59;s:6:"inicio";s:19:"2015-04-09 08:00:00";s:3:"fin";s:19:"2015-04-09 16:00:00";s:10:"disponible";i:1;s:10:"usuario_id";i:6;s:4:"fijo";i:0;s:5:"hasta";s:10:"2015-06-30";}', 59, '2015-04-08 11:10:17', '2015-04-08 11:10:17'),
(324, 1, 'Disponibilidad duplicated', 'a:7:{s:2:"id";i:61;s:6:"inicio";s:19:"2015-04-10 09:30:00";s:3:"fin";s:19:"2015-04-10 16:00:00";s:10:"disponible";i:1;s:10:"usuario_id";i:6;s:4:"fijo";i:0;s:5:"hasta";s:10:"2015-06-30";}', 61, '2015-04-08 11:10:17', '2015-04-08 11:10:17'),
(325, 1, 'Disponibilidad duplicated', 'a:7:{s:2:"id";i:62;s:6:"inicio";s:19:"2015-04-11 08:00:00";s:3:"fin";s:19:"2015-04-11 15:00:00";s:10:"disponible";i:1;s:10:"usuario_id";i:6;s:4:"fijo";i:0;s:5:"hasta";s:10:"2015-06-30";}', 62, '2015-04-08 11:10:17', '2015-04-08 11:10:17'),
(326, 1, 'Disponibilidad duplicated', 'a:7:{s:2:"id";i:72;s:6:"inicio";s:19:"2015-06-15 08:00:00";s:3:"fin";s:19:"2015-06-15 11:00:00";s:10:"disponible";i:1;s:10:"usuario_id";i:6;s:4:"fijo";i:0;s:5:"hasta";s:10:"2015-06-28";}', 72, '2015-04-08 11:10:55', '2015-04-08 11:10:55'),
(327, 1, 'Disponibilidad duplicated', 'a:7:{s:2:"id";i:84;s:6:"inicio";s:19:"2015-06-15 14:00:00";s:3:"fin";s:19:"2015-06-15 16:00:00";s:10:"disponible";i:1;s:10:"usuario_id";i:6;s:4:"fijo";i:0;s:5:"hasta";s:10:"2015-06-28";}', 84, '2015-04-08 11:10:55', '2015-04-08 11:10:55'),
(328, 1, 'Disponibilidad duplicated', 'a:7:{s:2:"id";i:96;s:6:"inicio";s:19:"2015-06-16 08:00:00";s:3:"fin";s:19:"2015-06-16 13:00:00";s:10:"disponible";i:1;s:10:"usuario_id";i:6;s:4:"fijo";i:0;s:5:"hasta";s:10:"2015-06-28";}', 96, '2015-04-08 11:10:56', '2015-04-08 11:10:56'),
(329, 1, 'Disponibilidad duplicated', 'a:7:{s:2:"id";i:108;s:6:"inicio";s:19:"2015-06-17 08:00:00";s:3:"fin";s:19:"2015-06-17 16:00:00";s:10:"disponible";i:1;s:10:"usuario_id";i:6;s:4:"fijo";i:0;s:5:"hasta";s:10:"2015-06-28";}', 108, '2015-04-08 11:10:56', '2015-04-08 11:10:56'),
(330, 1, 'Disponibilidad duplicated', 'a:7:{s:2:"id";i:119;s:6:"inicio";s:19:"2015-06-18 08:00:00";s:3:"fin";s:19:"2015-06-18 16:00:00";s:10:"disponible";i:1;s:10:"usuario_id";i:6;s:4:"fijo";i:0;s:5:"hasta";s:10:"2015-06-28";}', 119, '2015-04-08 11:10:56', '2015-04-08 11:10:56'),
(331, 1, 'Disponibilidad duplicated', 'a:7:{s:2:"id";i:130;s:6:"inicio";s:19:"2015-06-19 09:30:00";s:3:"fin";s:19:"2015-06-19 16:00:00";s:10:"disponible";i:1;s:10:"usuario_id";i:6;s:4:"fijo";i:0;s:5:"hasta";s:10:"2015-06-28";}', 130, '2015-04-08 11:10:56', '2015-04-08 11:10:56'),
(332, 1, 'Disponibilidad duplicated', 'a:7:{s:2:"id";i:141;s:6:"inicio";s:19:"2015-06-20 08:00:00";s:3:"fin";s:19:"2015-06-20 15:00:00";s:10:"disponible";i:1;s:10:"usuario_id";i:6;s:4:"fijo";i:0;s:5:"hasta";s:10:"2015-06-28";}', 141, '2015-04-08 11:10:56', '2015-04-08 11:10:56'),
(333, 1, 'Disponibilidad deleted', 'a:6:{s:2:"id";i:74;s:6:"inicio";s:19:"2015-06-29 08:00:00";s:3:"fin";s:19:"2015-06-29 11:00:00";s:10:"disponible";i:1;s:10:"usuario_id";i:6;s:4:"fijo";i:0;}', 74, '2015-04-08 11:11:08', '2015-04-08 11:11:08'),
(334, 1, 'Disponibilidad deleted', 'a:6:{s:2:"id";i:98;s:6:"inicio";s:19:"2015-06-30 08:00:00";s:3:"fin";s:19:"2015-06-30 13:00:00";s:10:"disponible";i:1;s:10:"usuario_id";i:6;s:4:"fijo";i:0;}', 98, '2015-04-08 11:11:10', '2015-04-08 11:11:10'),
(335, 1, 'Disponibilidad deleted', 'a:6:{s:2:"id";i:86;s:6:"inicio";s:19:"2015-06-29 14:00:00";s:3:"fin";s:19:"2015-06-29 16:00:00";s:10:"disponible";i:1;s:10:"usuario_id";i:6;s:4:"fijo";i:0;}', 86, '2015-04-08 11:11:11', '2015-04-08 11:11:11'),
(336, 1, 'Disponibilidad created', 'a:4:{s:2:"id";i:150;s:6:"inicio";s:19:"2015-04-07 08:00:00";s:3:"fin";s:19:"2015-04-07 12:00:00";s:10:"usuario_id";s:1:"7";}', 150, '2015-04-08 11:11:43', '2015-04-08 11:11:43'),
(337, 1, 'Disponibilidad created', 'a:4:{s:2:"id";i:151;s:6:"inicio";s:19:"2015-04-09 08:00:00";s:3:"fin";s:19:"2015-04-09 12:00:00";s:10:"usuario_id";s:1:"7";}', 151, '2015-04-08 11:12:05', '2015-04-08 11:12:05'),
(338, 1, 'Disponibilidad created', 'a:4:{s:2:"id";i:152;s:6:"inicio";s:19:"2015-04-09 14:00:00";s:3:"fin";s:19:"2015-04-09 19:00:00";s:10:"usuario_id";s:1:"7";}', 152, '2015-04-08 11:12:13', '2015-04-08 11:12:13'),
(339, 1, 'Disponibilidad created', 'a:4:{s:2:"id";i:153;s:6:"inicio";s:19:"2015-04-11 08:00:00";s:3:"fin";s:19:"2015-04-11 15:00:00";s:10:"usuario_id";s:1:"7";}', 153, '2015-04-08 11:12:33', '2015-04-08 11:12:33'),
(340, 1, 'Disponibilidad duplicated', 'a:7:{s:2:"id";i:150;s:6:"inicio";s:19:"2015-04-07 08:00:00";s:3:"fin";s:19:"2015-04-07 12:00:00";s:10:"disponible";i:1;s:10:"usuario_id";i:7;s:4:"fijo";i:0;s:5:"hasta";s:10:"2015-06-28";}', 150, '2015-04-08 11:12:52', '2015-04-08 11:12:52'),
(341, 1, 'Disponibilidad duplicated', 'a:7:{s:2:"id";i:151;s:6:"inicio";s:19:"2015-04-09 08:00:00";s:3:"fin";s:19:"2015-04-09 12:00:00";s:10:"disponible";i:1;s:10:"usuario_id";i:7;s:4:"fijo";i:0;s:5:"hasta";s:10:"2015-06-28";}', 151, '2015-04-08 11:12:52', '2015-04-08 11:12:52'),
(342, 1, 'Disponibilidad duplicated', 'a:7:{s:2:"id";i:152;s:6:"inicio";s:19:"2015-04-09 14:00:00";s:3:"fin";s:19:"2015-04-09 19:00:00";s:10:"disponible";i:1;s:10:"usuario_id";i:7;s:4:"fijo";i:0;s:5:"hasta";s:10:"2015-06-28";}', 152, '2015-04-08 11:12:52', '2015-04-08 11:12:52'),
(343, 1, 'Disponibilidad duplicated', 'a:7:{s:2:"id";i:153;s:6:"inicio";s:19:"2015-04-11 08:00:00";s:3:"fin";s:19:"2015-04-11 15:00:00";s:10:"disponible";i:1;s:10:"usuario_id";i:7;s:4:"fijo";i:0;s:5:"hasta";s:10:"2015-06-28";}', 153, '2015-04-08 11:12:52', '2015-04-08 11:12:52'),
(344, 1, 'Disponibilidad created', 'a:4:{s:2:"id";i:198;s:6:"inicio";s:19:"2015-04-10 09:00:00";s:3:"fin";s:19:"2015-04-10 17:00:00";s:10:"usuario_id";s:1:"8";}', 198, '2015-04-08 11:13:48', '2015-04-08 11:13:48'),
(345, 1, 'Disponibilidad created', 'a:4:{s:2:"id";i:199;s:6:"inicio";s:19:"2015-04-11 09:00:00";s:3:"fin";s:19:"2015-04-11 09:30:00";s:10:"usuario_id";s:1:"8";}', 199, '2015-04-08 11:13:57', '2015-04-08 11:13:57'),
(346, 1, 'Disponibilidad created', 'a:4:{s:2:"id";i:200;s:6:"inicio";s:19:"2015-04-11 08:00:00";s:3:"fin";s:19:"2015-04-11 09:00:00";s:10:"usuario_id";s:1:"8";}', 200, '2015-04-08 11:13:59', '2015-04-08 11:13:59'),
(347, 1, 'Disponibilidad edited', 'a:6:{s:2:"id";s:3:"199";s:6:"inicio";s:19:"2015-04-11 09:00:00";s:3:"fin";s:19:"2015-04-11 12:30:00";s:10:"disponible";i:1;s:10:"usuario_id";s:1:"8";s:4:"fijo";i:0;}', 199, '2015-04-08 11:14:02', '2015-04-08 11:14:02'),
(348, 1, 'Disponibilidad deleted', 'a:6:{s:2:"id";i:200;s:6:"inicio";s:19:"2015-04-11 08:00:00";s:3:"fin";s:19:"2015-04-11 09:00:00";s:10:"disponible";i:1;s:10:"usuario_id";i:8;s:4:"fijo";i:0;}', 200, '2015-04-08 11:14:04', '2015-04-08 11:14:04'),
(349, 1, 'Disponibilidad edited', 'a:6:{s:2:"id";s:3:"199";s:6:"inicio";s:19:"2015-04-11 08:00:00";s:3:"fin";s:19:"2015-04-11 11:30:00";s:10:"disponible";i:1;s:10:"usuario_id";s:1:"8";s:4:"fijo";i:0;}', 199, '2015-04-08 11:14:06', '2015-04-08 11:14:06'),
(350, 1, 'Disponibilidad edited', 'a:6:{s:2:"id";s:3:"199";s:6:"inicio";s:19:"2015-04-11 08:00:00";s:3:"fin";s:19:"2015-04-11 15:00:00";s:10:"disponible";i:1;s:10:"usuario_id";s:1:"8";s:4:"fijo";i:0;}', 199, '2015-04-08 11:14:09', '2015-04-08 11:14:09'),
(351, 1, 'Disponibilidad created', 'a:4:{s:2:"id";i:201;s:6:"inicio";s:19:"2015-04-07 11:00:00";s:3:"fin";s:19:"2015-04-07 17:00:00";s:10:"usuario_id";s:1:"9";}', 201, '2015-04-08 11:14:59', '2015-04-08 11:14:59'),
(352, 1, 'Disponibilidad created', 'a:4:{s:2:"id";i:202;s:6:"inicio";s:19:"2015-04-08 11:00:00";s:3:"fin";s:19:"2015-04-08 17:00:00";s:10:"usuario_id";s:1:"9";}', 202, '2015-04-08 11:15:02', '2015-04-08 11:15:02'),
(353, 1, 'Disponibilidad created', 'a:4:{s:2:"id";i:203;s:6:"inicio";s:19:"2015-04-10 11:00:00";s:3:"fin";s:19:"2015-04-10 16:30:00";s:10:"usuario_id";s:1:"9";}', 203, '2015-04-08 11:15:15', '2015-04-08 11:15:15'),
(354, 1, 'Disponibilidad created', 'a:4:{s:2:"id";i:204;s:6:"inicio";s:19:"2015-04-11 11:00:00";s:3:"fin";s:19:"2015-04-11 15:00:00";s:10:"usuario_id";s:1:"9";}', 204, '2015-04-08 11:15:29', '2015-04-08 11:15:29'),
(355, 1, 'Disponibilidad duplicated', 'a:7:{s:2:"id";i:201;s:6:"inicio";s:19:"2015-04-07 11:00:00";s:3:"fin";s:19:"2015-04-07 17:00:00";s:10:"disponible";i:1;s:10:"usuario_id";i:9;s:4:"fijo";i:0;s:5:"hasta";s:10:"2015-06-28";}', 201, '2015-04-08 11:16:07', '2015-04-08 11:16:07'),
(356, 1, 'Disponibilidad duplicated', 'a:7:{s:2:"id";i:202;s:6:"inicio";s:19:"2015-04-08 11:00:00";s:3:"fin";s:19:"2015-04-08 17:00:00";s:10:"disponible";i:1;s:10:"usuario_id";i:9;s:4:"fijo";i:0;s:5:"hasta";s:10:"2015-06-28";}', 202, '2015-04-08 11:16:07', '2015-04-08 11:16:07'),
(357, 1, 'Disponibilidad duplicated', 'a:7:{s:2:"id";i:203;s:6:"inicio";s:19:"2015-04-10 11:00:00";s:3:"fin";s:19:"2015-04-10 16:30:00";s:10:"disponible";i:1;s:10:"usuario_id";i:9;s:4:"fijo";i:0;s:5:"hasta";s:10:"2015-06-28";}', 203, '2015-04-08 11:16:07', '2015-04-08 11:16:07'),
(358, 1, 'Disponibilidad duplicated', 'a:7:{s:2:"id";i:204;s:6:"inicio";s:19:"2015-04-11 11:00:00";s:3:"fin";s:19:"2015-04-11 15:00:00";s:10:"disponible";i:1;s:10:"usuario_id";i:9;s:4:"fijo";i:0;s:5:"hasta";s:10:"2015-06-28";}', 204, '2015-04-08 11:16:07', '2015-04-08 11:16:07'),
(359, 1, 'Disponibilidad duplicated', 'a:7:{s:2:"id";i:198;s:6:"inicio";s:19:"2015-04-10 09:00:00";s:3:"fin";s:19:"2015-04-10 17:00:00";s:10:"disponible";i:1;s:10:"usuario_id";i:8;s:4:"fijo";i:0;s:5:"hasta";s:10:"2015-06-28";}', 198, '2015-04-08 11:16:29', '2015-04-08 11:16:29'),
(360, 1, 'Disponibilidad duplicated', 'a:7:{s:2:"id";i:199;s:6:"inicio";s:19:"2015-04-11 08:00:00";s:3:"fin";s:19:"2015-04-11 15:00:00";s:10:"disponible";i:1;s:10:"usuario_id";i:8;s:4:"fijo";i:0;s:5:"hasta";s:10:"2015-06-28";}', 199, '2015-04-08 11:16:29', '2015-04-08 11:16:29'),
(361, 1, 'Disponibilidad created', 'a:4:{s:2:"id";i:271;s:6:"inicio";s:19:"2015-04-07 08:00:00";s:3:"fin";s:19:"2015-04-07 12:00:00";s:10:"usuario_id";s:2:"10";}', 271, '2015-04-08 11:17:12', '2015-04-08 11:17:12'),
(362, 1, 'Disponibilidad created', 'a:4:{s:2:"id";i:272;s:6:"inicio";s:19:"2015-04-08 08:00:00";s:3:"fin";s:19:"2015-04-08 12:00:00";s:10:"usuario_id";s:2:"10";}', 272, '2015-04-08 11:17:14', '2015-04-08 11:17:14'),
(363, 1, 'Disponibilidad created', 'a:4:{s:2:"id";i:273;s:6:"inicio";s:19:"2015-04-09 08:00:00";s:3:"fin";s:19:"2015-04-09 16:00:00";s:10:"usuario_id";s:2:"10";}', 273, '2015-04-08 11:18:10', '2015-04-08 11:18:10'),
(364, 1, 'Disponibilidad created', 'a:4:{s:2:"id";i:274;s:6:"inicio";s:19:"2015-04-10 08:00:00";s:3:"fin";s:19:"2015-04-10 16:00:00";s:10:"usuario_id";s:2:"10";}', 274, '2015-04-08 11:18:12', '2015-04-08 11:18:12'),
(365, 1, 'Disponibilidad duplicated', 'a:7:{s:2:"id";i:271;s:6:"inicio";s:19:"2015-04-07 08:00:00";s:3:"fin";s:19:"2015-04-07 12:00:00";s:10:"disponible";i:1;s:10:"usuario_id";i:10;s:4:"fijo";i:0;s:5:"hasta";s:10:"2015-06-28";}', 271, '2015-04-08 11:18:37', '2015-04-08 11:18:37'),
(366, 1, 'Disponibilidad duplicated', 'a:7:{s:2:"id";i:272;s:6:"inicio";s:19:"2015-04-08 08:00:00";s:3:"fin";s:19:"2015-04-08 12:00:00";s:10:"disponible";i:1;s:10:"usuario_id";i:10;s:4:"fijo";i:0;s:5:"hasta";s:10:"2015-06-28";}', 272, '2015-04-08 11:18:37', '2015-04-08 11:18:37'),
(367, 1, 'Disponibilidad duplicated', 'a:7:{s:2:"id";i:273;s:6:"inicio";s:19:"2015-04-09 08:00:00";s:3:"fin";s:19:"2015-04-09 16:00:00";s:10:"disponible";i:1;s:10:"usuario_id";i:10;s:4:"fijo";i:0;s:5:"hasta";s:10:"2015-06-28";}', 273, '2015-04-08 11:18:38', '2015-04-08 11:18:38'),
(368, 1, 'Disponibilidad duplicated', 'a:7:{s:2:"id";i:274;s:6:"inicio";s:19:"2015-04-10 08:00:00";s:3:"fin";s:19:"2015-04-10 16:00:00";s:10:"disponible";i:1;s:10:"usuario_id";i:10;s:4:"fijo";i:0;s:5:"hasta";s:10:"2015-06-28";}', 274, '2015-04-08 11:18:38', '2015-04-08 11:18:38'),
(369, 1, 'Disponibilidad created', 'a:4:{s:2:"id";i:319;s:6:"inicio";s:19:"2015-04-06 08:00:00";s:3:"fin";s:19:"2015-04-06 16:00:00";s:10:"usuario_id";s:2:"11";}', 319, '2015-04-08 11:19:08', '2015-04-08 11:19:08'),
(370, 1, 'Disponibilidad created', 'a:4:{s:2:"id";i:320;s:6:"inicio";s:19:"2015-04-07 08:00:00";s:3:"fin";s:19:"2015-04-07 16:00:00";s:10:"usuario_id";s:2:"11";}', 320, '2015-04-08 11:19:11', '2015-04-08 11:19:11'),
(371, 1, 'Disponibilidad created', 'a:4:{s:2:"id";i:321;s:6:"inicio";s:19:"2015-04-08 08:00:00";s:3:"fin";s:19:"2015-04-08 16:00:00";s:10:"usuario_id";s:2:"11";}', 321, '2015-04-08 11:19:13', '2015-04-08 11:19:13'),
(372, 1, 'Disponibilidad created', 'a:4:{s:2:"id";i:322;s:6:"inicio";s:19:"2015-04-09 08:00:00";s:3:"fin";s:19:"2015-04-09 16:00:00";s:10:"usuario_id";s:2:"11";}', 322, '2015-04-08 11:19:15', '2015-04-08 11:19:15'),
(373, 1, 'Disponibilidad created', 'a:4:{s:2:"id";i:323;s:6:"inicio";s:19:"2015-04-10 08:00:00";s:3:"fin";s:19:"2015-04-10 16:00:00";s:10:"usuario_id";s:2:"11";}', 323, '2015-04-08 11:19:17', '2015-04-08 11:19:17'),
(374, 1, 'Disponibilidad duplicated', 'a:7:{s:2:"id";i:319;s:6:"inicio";s:19:"2015-04-06 08:00:00";s:3:"fin";s:19:"2015-04-06 16:00:00";s:10:"disponible";i:1;s:10:"usuario_id";i:11;s:4:"fijo";i:0;s:5:"hasta";s:10:"2015-06-28";}', 319, '2015-04-08 11:19:29', '2015-04-08 11:19:29'),
(375, 1, 'Disponibilidad duplicated', 'a:7:{s:2:"id";i:320;s:6:"inicio";s:19:"2015-04-07 08:00:00";s:3:"fin";s:19:"2015-04-07 16:00:00";s:10:"disponible";i:1;s:10:"usuario_id";i:11;s:4:"fijo";i:0;s:5:"hasta";s:10:"2015-06-28";}', 320, '2015-04-08 11:19:29', '2015-04-08 11:19:29'),
(376, 1, 'Disponibilidad duplicated', 'a:7:{s:2:"id";i:321;s:6:"inicio";s:19:"2015-04-08 08:00:00";s:3:"fin";s:19:"2015-04-08 16:00:00";s:10:"disponible";i:1;s:10:"usuario_id";i:11;s:4:"fijo";i:0;s:5:"hasta";s:10:"2015-06-28";}', 321, '2015-04-08 11:19:30', '2015-04-08 11:19:30'),
(377, 1, 'Disponibilidad duplicated', 'a:7:{s:2:"id";i:322;s:6:"inicio";s:19:"2015-04-09 08:00:00";s:3:"fin";s:19:"2015-04-09 16:00:00";s:10:"disponible";i:1;s:10:"usuario_id";i:11;s:4:"fijo";i:0;s:5:"hasta";s:10:"2015-06-28";}', 322, '2015-04-08 11:19:30', '2015-04-08 11:19:30'),
(378, 1, 'Disponibilidad duplicated', 'a:7:{s:2:"id";i:323;s:6:"inicio";s:19:"2015-04-10 08:00:00";s:3:"fin";s:19:"2015-04-10 16:00:00";s:10:"disponible";i:1;s:10:"usuario_id";i:11;s:4:"fijo";i:0;s:5:"hasta";s:10:"2015-06-28";}', 323, '2015-04-08 11:19:30', '2015-04-08 11:19:30'),
(379, 1, 'Disponibilidad created', 'a:4:{s:2:"id";i:379;s:6:"inicio";s:19:"2015-04-06 14:00:00";s:3:"fin";s:19:"2015-04-06 20:00:00";s:10:"usuario_id";s:2:"12";}', 379, '2015-04-08 11:20:08', '2015-04-08 11:20:08'),
(380, 1, 'Disponibilidad created', 'a:4:{s:2:"id";i:380;s:6:"inicio";s:19:"2015-04-07 14:00:00";s:3:"fin";s:19:"2015-04-07 20:00:00";s:10:"usuario_id";s:2:"12";}', 380, '2015-04-08 11:20:10', '2015-04-08 11:20:10'),
(381, 1, 'Disponibilidad created', 'a:4:{s:2:"id";i:381;s:6:"inicio";s:19:"2015-04-08 14:00:00";s:3:"fin";s:19:"2015-04-08 20:00:00";s:10:"usuario_id";s:2:"12";}', 381, '2015-04-08 11:20:12', '2015-04-08 11:20:12'),
(382, 1, 'Disponibilidad created', 'a:4:{s:2:"id";i:382;s:6:"inicio";s:19:"2015-04-09 14:00:00";s:3:"fin";s:19:"2015-04-09 20:00:00";s:10:"usuario_id";s:2:"12";}', 382, '2015-04-08 11:20:14', '2015-04-08 11:20:14'),
(383, 1, 'Disponibilidad created', 'a:4:{s:2:"id";i:383;s:6:"inicio";s:19:"2015-04-10 14:00:00";s:3:"fin";s:19:"2015-04-10 20:00:00";s:10:"usuario_id";s:2:"12";}', 383, '2015-04-08 11:20:15', '2015-04-08 11:20:15'),
(384, 1, 'Disponibilidad created', 'a:4:{s:2:"id";i:384;s:6:"inicio";s:19:"2015-04-11 08:00:00";s:3:"fin";s:19:"2015-04-11 15:00:00";s:10:"usuario_id";s:2:"12";}', 384, '2015-04-08 11:20:29', '2015-04-08 11:20:29'),
(385, 1, 'Disponibilidad duplicated', 'a:7:{s:2:"id";i:379;s:6:"inicio";s:19:"2015-04-06 14:00:00";s:3:"fin";s:19:"2015-04-06 20:00:00";s:10:"disponible";i:1;s:10:"usuario_id";i:12;s:4:"fijo";i:0;s:5:"hasta";s:10:"2015-06-28";}', 379, '2015-04-08 11:20:36', '2015-04-08 11:20:36'),
(386, 1, 'Disponibilidad duplicated', 'a:7:{s:2:"id";i:380;s:6:"inicio";s:19:"2015-04-07 14:00:00";s:3:"fin";s:19:"2015-04-07 20:00:00";s:10:"disponible";i:1;s:10:"usuario_id";i:12;s:4:"fijo";i:0;s:5:"hasta";s:10:"2015-06-28";}', 380, '2015-04-08 11:20:37', '2015-04-08 11:20:37'),
(387, 1, 'Disponibilidad duplicated', 'a:7:{s:2:"id";i:381;s:6:"inicio";s:19:"2015-04-08 14:00:00";s:3:"fin";s:19:"2015-04-08 20:00:00";s:10:"disponible";i:1;s:10:"usuario_id";i:12;s:4:"fijo";i:0;s:5:"hasta";s:10:"2015-06-28";}', 381, '2015-04-08 11:20:37', '2015-04-08 11:20:37'),
(388, 1, 'Disponibilidad duplicated', 'a:7:{s:2:"id";i:382;s:6:"inicio";s:19:"2015-04-09 14:00:00";s:3:"fin";s:19:"2015-04-09 20:00:00";s:10:"disponible";i:1;s:10:"usuario_id";i:12;s:4:"fijo";i:0;s:5:"hasta";s:10:"2015-06-28";}', 382, '2015-04-08 11:20:37', '2015-04-08 11:20:37'),
(389, 1, 'Disponibilidad duplicated', 'a:7:{s:2:"id";i:383;s:6:"inicio";s:19:"2015-04-10 14:00:00";s:3:"fin";s:19:"2015-04-10 20:00:00";s:10:"disponible";i:1;s:10:"usuario_id";i:12;s:4:"fijo";i:0;s:5:"hasta";s:10:"2015-06-28";}', 383, '2015-04-08 11:20:37', '2015-04-08 11:20:37'),
(390, 1, 'Disponibilidad duplicated', 'a:7:{s:2:"id";i:384;s:6:"inicio";s:19:"2015-04-11 08:00:00";s:3:"fin";s:19:"2015-04-11 15:00:00";s:10:"disponible";i:1;s:10:"usuario_id";i:12;s:4:"fijo";i:0;s:5:"hasta";s:10:"2015-06-28";}', 384, '2015-04-08 11:20:37', '2015-04-08 11:20:37'),
(391, 1, 'Disponibilidad created', 'a:4:{s:2:"id";i:451;s:6:"inicio";s:19:"2015-04-06 08:00:00";s:3:"fin";s:19:"2015-04-06 13:00:00";s:10:"usuario_id";s:2:"13";}', 451, '2015-04-08 11:21:28', '2015-04-08 11:21:28'),
(392, 1, 'Disponibilidad created', 'a:4:{s:2:"id";i:452;s:6:"inicio";s:19:"2015-04-07 08:00:00";s:3:"fin";s:19:"2015-04-07 13:00:00";s:10:"usuario_id";s:2:"13";}', 452, '2015-04-08 11:21:31', '2015-04-08 11:21:31'),
(393, 1, 'Disponibilidad created', 'a:4:{s:2:"id";i:453;s:6:"inicio";s:19:"2015-04-09 08:00:00";s:3:"fin";s:19:"2015-04-09 13:00:00";s:10:"usuario_id";s:2:"13";}', 453, '2015-04-08 11:21:33', '2015-04-08 11:21:33'),
(394, 1, 'Disponibilidad created', 'a:4:{s:2:"id";i:454;s:6:"inicio";s:19:"2015-04-10 08:00:00";s:3:"fin";s:19:"2015-04-10 13:00:00";s:10:"usuario_id";s:2:"13";}', 454, '2015-04-08 11:21:36', '2015-04-08 11:21:36'),
(395, 1, 'Disponibilidad created', 'a:4:{s:2:"id";i:455;s:6:"inicio";s:19:"2015-04-11 08:00:00";s:3:"fin";s:19:"2015-04-11 15:00:00";s:10:"usuario_id";s:2:"13";}', 455, '2015-04-08 11:21:55', '2015-04-08 11:21:55'),
(396, 1, 'Disponibilidad duplicated', 'a:7:{s:2:"id";i:451;s:6:"inicio";s:19:"2015-04-06 08:00:00";s:3:"fin";s:19:"2015-04-06 13:00:00";s:10:"disponible";i:1;s:10:"usuario_id";i:13;s:4:"fijo";i:0;s:5:"hasta";s:10:"2015-06-28";}', 451, '2015-04-08 11:22:02', '2015-04-08 11:22:02'),
(397, 1, 'Disponibilidad duplicated', 'a:7:{s:2:"id";i:452;s:6:"inicio";s:19:"2015-04-07 08:00:00";s:3:"fin";s:19:"2015-04-07 13:00:00";s:10:"disponible";i:1;s:10:"usuario_id";i:13;s:4:"fijo";i:0;s:5:"hasta";s:10:"2015-06-28";}', 452, '2015-04-08 11:22:02', '2015-04-08 11:22:02'),
(398, 1, 'Disponibilidad duplicated', 'a:7:{s:2:"id";i:453;s:6:"inicio";s:19:"2015-04-09 08:00:00";s:3:"fin";s:19:"2015-04-09 13:00:00";s:10:"disponible";i:1;s:10:"usuario_id";i:13;s:4:"fijo";i:0;s:5:"hasta";s:10:"2015-06-28";}', 453, '2015-04-08 11:22:02', '2015-04-08 11:22:02'),
(399, 1, 'Disponibilidad duplicated', 'a:7:{s:2:"id";i:454;s:6:"inicio";s:19:"2015-04-10 08:00:00";s:3:"fin";s:19:"2015-04-10 13:00:00";s:10:"disponible";i:1;s:10:"usuario_id";i:13;s:4:"fijo";i:0;s:5:"hasta";s:10:"2015-06-28";}', 454, '2015-04-08 11:22:02', '2015-04-08 11:22:02'),
(400, 1, 'Disponibilidad duplicated', 'a:7:{s:2:"id";i:455;s:6:"inicio";s:19:"2015-04-11 08:00:00";s:3:"fin";s:19:"2015-04-11 15:00:00";s:10:"disponible";i:1;s:10:"usuario_id";i:13;s:4:"fijo";i:0;s:5:"hasta";s:10:"2015-06-28";}', 455, '2015-04-08 11:22:03', '2015-04-08 11:22:03'),
(401, 1, 'Disponibilidad created', 'a:4:{s:2:"id";i:511;s:6:"inicio";s:19:"2015-04-06 08:00:00";s:3:"fin";s:19:"2015-04-06 08:30:00";s:10:"usuario_id";s:2:"15";}', 511, '2015-04-08 11:22:57', '2015-04-08 11:22:57'),
(402, 1, 'Disponibilidad deleted', 'a:6:{s:2:"id";i:511;s:6:"inicio";s:19:"2015-04-06 08:00:00";s:3:"fin";s:19:"2015-04-06 08:30:00";s:10:"disponible";i:1;s:10:"usuario_id";i:15;s:4:"fijo";i:0;}', 511, '2015-04-08 11:23:06', '2015-04-08 11:23:06'),
(403, 1, 'Disponibilidad created', 'a:4:{s:2:"id";i:512;s:6:"inicio";s:19:"2015-04-06 14:00:00";s:3:"fin";s:19:"2015-04-06 20:00:00";s:10:"usuario_id";s:2:"15";}', 512, '2015-04-08 11:23:10', '2015-04-08 11:23:10'),
(404, 1, 'Disponibilidad created', 'a:4:{s:2:"id";i:513;s:6:"inicio";s:19:"2015-04-07 14:00:00";s:3:"fin";s:19:"2015-04-07 20:00:00";s:10:"usuario_id";s:2:"15";}', 513, '2015-04-08 11:23:17', '2015-04-08 11:23:17'),
(405, 1, 'Disponibilidad created', 'a:4:{s:2:"id";i:514;s:6:"inicio";s:19:"2015-04-08 14:00:00";s:3:"fin";s:19:"2015-04-08 20:00:00";s:10:"usuario_id";s:2:"15";}', 514, '2015-04-08 11:23:19', '2015-04-08 11:23:19'),
(406, 1, 'Disponibilidad created', 'a:4:{s:2:"id";i:515;s:6:"inicio";s:19:"2015-04-09 14:00:00";s:3:"fin";s:19:"2015-04-09 20:00:00";s:10:"usuario_id";s:2:"15";}', 515, '2015-04-08 11:23:21', '2015-04-08 11:23:21'),
(407, 1, 'Disponibilidad created', 'a:4:{s:2:"id";i:516;s:6:"inicio";s:19:"2015-04-10 14:00:00";s:3:"fin";s:19:"2015-04-10 20:00:00";s:10:"usuario_id";s:2:"15";}', 516, '2015-04-08 11:23:23', '2015-04-08 11:23:23'),
(408, 1, 'Disponibilidad created', 'a:4:{s:2:"id";i:517;s:6:"inicio";s:19:"2015-04-11 08:00:00";s:3:"fin";s:19:"2015-04-11 15:00:00";s:10:"usuario_id";s:2:"15";}', 517, '2015-04-08 11:23:38', '2015-04-08 11:23:38'),
(409, 1, 'Disponibilidad duplicated', 'a:7:{s:2:"id";i:512;s:6:"inicio";s:19:"2015-04-06 14:00:00";s:3:"fin";s:19:"2015-04-06 20:00:00";s:10:"disponible";i:1;s:10:"usuario_id";i:15;s:4:"fijo";i:0;s:5:"hasta";s:10:"2015-06-28";}', 512, '2015-04-08 11:23:49', '2015-04-08 11:23:49'),
(410, 1, 'Disponibilidad duplicated', 'a:7:{s:2:"id";i:513;s:6:"inicio";s:19:"2015-04-07 14:00:00";s:3:"fin";s:19:"2015-04-07 20:00:00";s:10:"disponible";i:1;s:10:"usuario_id";i:15;s:4:"fijo";i:0;s:5:"hasta";s:10:"2015-06-28";}', 513, '2015-04-08 11:23:49', '2015-04-08 11:23:49'),
(411, 1, 'Disponibilidad duplicated', 'a:7:{s:2:"id";i:514;s:6:"inicio";s:19:"2015-04-08 14:00:00";s:3:"fin";s:19:"2015-04-08 20:00:00";s:10:"disponible";i:1;s:10:"usuario_id";i:15;s:4:"fijo";i:0;s:5:"hasta";s:10:"2015-06-28";}', 514, '2015-04-08 11:23:49', '2015-04-08 11:23:49'),
(412, 1, 'Disponibilidad duplicated', 'a:7:{s:2:"id";i:515;s:6:"inicio";s:19:"2015-04-09 14:00:00";s:3:"fin";s:19:"2015-04-09 20:00:00";s:10:"disponible";i:1;s:10:"usuario_id";i:15;s:4:"fijo";i:0;s:5:"hasta";s:10:"2015-06-28";}', 515, '2015-04-08 11:23:49', '2015-04-08 11:23:49'),
(413, 1, 'Disponibilidad duplicated', 'a:7:{s:2:"id";i:516;s:6:"inicio";s:19:"2015-04-10 14:00:00";s:3:"fin";s:19:"2015-04-10 20:00:00";s:10:"disponible";i:1;s:10:"usuario_id";i:15;s:4:"fijo";i:0;s:5:"hasta";s:10:"2015-06-28";}', 516, '2015-04-08 11:23:49', '2015-04-08 11:23:49'),
(414, 1, 'Disponibilidad duplicated', 'a:7:{s:2:"id";i:517;s:6:"inicio";s:19:"2015-04-11 08:00:00";s:3:"fin";s:19:"2015-04-11 15:00:00";s:10:"disponible";i:1;s:10:"usuario_id";i:15;s:4:"fijo";i:0;s:5:"hasta";s:10:"2015-06-28";}', 517, '2015-04-08 11:23:49', '2015-04-08 11:23:49'),
(415, 1, 'Disponibilidad created', 'a:4:{s:2:"id";i:584;s:6:"inicio";s:19:"2015-04-06 14:00:00";s:3:"fin";s:19:"2015-04-06 20:00:00";s:10:"usuario_id";s:2:"16";}', 584, '2015-04-08 11:24:32', '2015-04-08 11:24:32');
INSERT INTO `log` (`id`, `usuario_id`, `accion`, `objeto`, `objeto_id`, `created_at`, `updated_at`) VALUES
(416, 1, 'Disponibilidad created', 'a:4:{s:2:"id";i:585;s:6:"inicio";s:19:"2015-04-07 14:00:00";s:3:"fin";s:19:"2015-04-07 20:00:00";s:10:"usuario_id";s:2:"16";}', 585, '2015-04-08 11:24:34', '2015-04-08 11:24:34'),
(417, 1, 'Disponibilidad created', 'a:4:{s:2:"id";i:586;s:6:"inicio";s:19:"2015-04-08 14:00:00";s:3:"fin";s:19:"2015-04-08 20:00:00";s:10:"usuario_id";s:2:"16";}', 586, '2015-04-08 11:24:36', '2015-04-08 11:24:36'),
(418, 1, 'Disponibilidad created', 'a:4:{s:2:"id";i:587;s:6:"inicio";s:19:"2015-04-09 14:00:00";s:3:"fin";s:19:"2015-04-09 19:30:00";s:10:"usuario_id";s:2:"16";}', 587, '2015-04-08 11:24:38', '2015-04-08 11:24:38'),
(419, 1, 'Disponibilidad edited', 'a:6:{s:2:"id";s:3:"587";s:6:"inicio";s:19:"2015-04-09 14:00:00";s:3:"fin";s:19:"2015-04-09 20:00:00";s:10:"disponible";i:1;s:10:"usuario_id";s:2:"16";s:4:"fijo";i:0;}', 587, '2015-04-08 11:24:40', '2015-04-08 11:24:40'),
(420, 1, 'Disponibilidad created', 'a:4:{s:2:"id";i:588;s:6:"inicio";s:19:"2015-04-10 14:00:00";s:3:"fin";s:19:"2015-04-10 20:00:00";s:10:"usuario_id";s:2:"16";}', 588, '2015-04-08 11:24:41', '2015-04-08 11:24:41'),
(421, 1, 'Disponibilidad created', 'a:4:{s:2:"id";i:589;s:6:"inicio";s:19:"2015-04-11 14:00:00";s:3:"fin";s:19:"2015-04-11 20:00:00";s:10:"usuario_id";s:2:"16";}', 589, '2015-04-08 11:24:43', '2015-04-08 11:24:43'),
(422, 1, 'Disponibilidad deleted', 'a:6:{s:2:"id";i:589;s:6:"inicio";s:19:"2015-04-11 14:00:00";s:3:"fin";s:19:"2015-04-11 20:00:00";s:10:"disponible";i:1;s:10:"usuario_id";i:16;s:4:"fijo";i:0;}', 589, '2015-04-08 11:24:46', '2015-04-08 11:24:46'),
(423, 1, 'Disponibilidad created', 'a:4:{s:2:"id";i:590;s:6:"inicio";s:19:"2015-04-06 08:00:00";s:3:"fin";s:19:"2015-04-06 12:00:00";s:10:"usuario_id";s:2:"17";}', 590, '2015-04-08 11:25:46', '2015-04-08 11:25:46'),
(424, 1, 'Disponibilidad created', 'a:4:{s:2:"id";i:591;s:6:"inicio";s:19:"2015-04-06 14:00:00";s:3:"fin";s:19:"2015-04-06 18:00:00";s:10:"usuario_id";s:2:"17";}', 591, '2015-04-08 11:25:49', '2015-04-08 11:25:49'),
(425, 1, 'Disponibilidad created', 'a:4:{s:2:"id";i:592;s:6:"inicio";s:19:"2015-04-07 08:00:00";s:3:"fin";s:19:"2015-04-07 12:00:00";s:10:"usuario_id";s:2:"17";}', 592, '2015-04-08 11:25:51', '2015-04-08 11:25:51'),
(426, 1, 'Disponibilidad created', 'a:4:{s:2:"id";i:593;s:6:"inicio";s:19:"2015-04-07 14:00:00";s:3:"fin";s:19:"2015-04-07 18:00:00";s:10:"usuario_id";s:2:"17";}', 593, '2015-04-08 11:25:53', '2015-04-08 11:25:53'),
(427, 1, 'Disponibilidad created', 'a:4:{s:2:"id";i:594;s:6:"inicio";s:19:"2015-04-08 08:00:00";s:3:"fin";s:19:"2015-04-08 12:00:00";s:10:"usuario_id";s:2:"17";}', 594, '2015-04-08 11:25:55', '2015-04-08 11:25:55'),
(428, 1, 'Disponibilidad created', 'a:4:{s:2:"id";i:595;s:6:"inicio";s:19:"2015-04-08 14:00:00";s:3:"fin";s:19:"2015-04-08 18:00:00";s:10:"usuario_id";s:2:"17";}', 595, '2015-04-08 11:25:57', '2015-04-08 11:25:57'),
(429, 1, 'Disponibilidad created', 'a:4:{s:2:"id";i:596;s:6:"inicio";s:19:"2015-04-09 08:00:00";s:3:"fin";s:19:"2015-04-09 12:00:00";s:10:"usuario_id";s:2:"17";}', 596, '2015-04-08 11:25:58', '2015-04-08 11:25:58'),
(430, 1, 'Disponibilidad created', 'a:4:{s:2:"id";i:597;s:6:"inicio";s:19:"2015-04-09 14:00:00";s:3:"fin";s:19:"2015-04-09 18:00:00";s:10:"usuario_id";s:2:"17";}', 597, '2015-04-08 11:25:59', '2015-04-08 11:25:59'),
(431, 1, 'Disponibilidad created', 'a:4:{s:2:"id";i:598;s:6:"inicio";s:19:"2015-04-10 08:00:00";s:3:"fin";s:19:"2015-04-10 12:00:00";s:10:"usuario_id";s:2:"17";}', 598, '2015-04-08 11:26:02', '2015-04-08 11:26:02'),
(432, 1, 'Disponibilidad created', 'a:4:{s:2:"id";i:599;s:6:"inicio";s:19:"2015-04-10 14:00:00";s:3:"fin";s:19:"2015-04-10 18:00:00";s:10:"usuario_id";s:2:"17";}', 599, '2015-04-08 11:26:05', '2015-04-08 11:26:05'),
(433, 1, 'Disponibilidad duplicated', 'a:7:{s:2:"id";i:590;s:6:"inicio";s:19:"2015-04-06 08:00:00";s:3:"fin";s:19:"2015-04-06 12:00:00";s:10:"disponible";i:1;s:10:"usuario_id";i:17;s:4:"fijo";i:0;s:5:"hasta";s:10:"2015-06-28";}', 590, '2015-04-08 11:26:33', '2015-04-08 11:26:33'),
(434, 1, 'Disponibilidad duplicated', 'a:7:{s:2:"id";i:591;s:6:"inicio";s:19:"2015-04-06 14:00:00";s:3:"fin";s:19:"2015-04-06 18:00:00";s:10:"disponible";i:1;s:10:"usuario_id";i:17;s:4:"fijo";i:0;s:5:"hasta";s:10:"2015-06-28";}', 591, '2015-04-08 11:26:33', '2015-04-08 11:26:33'),
(435, 1, 'Disponibilidad duplicated', 'a:7:{s:2:"id";i:592;s:6:"inicio";s:19:"2015-04-07 08:00:00";s:3:"fin";s:19:"2015-04-07 12:00:00";s:10:"disponible";i:1;s:10:"usuario_id";i:17;s:4:"fijo";i:0;s:5:"hasta";s:10:"2015-06-28";}', 592, '2015-04-08 11:26:34', '2015-04-08 11:26:34'),
(436, 1, 'Disponibilidad duplicated', 'a:7:{s:2:"id";i:593;s:6:"inicio";s:19:"2015-04-07 14:00:00";s:3:"fin";s:19:"2015-04-07 18:00:00";s:10:"disponible";i:1;s:10:"usuario_id";i:17;s:4:"fijo";i:0;s:5:"hasta";s:10:"2015-06-28";}', 593, '2015-04-08 11:26:34', '2015-04-08 11:26:34'),
(437, 1, 'Disponibilidad duplicated', 'a:7:{s:2:"id";i:594;s:6:"inicio";s:19:"2015-04-08 08:00:00";s:3:"fin";s:19:"2015-04-08 12:00:00";s:10:"disponible";i:1;s:10:"usuario_id";i:17;s:4:"fijo";i:0;s:5:"hasta";s:10:"2015-06-28";}', 594, '2015-04-08 11:26:34', '2015-04-08 11:26:34'),
(438, 1, 'Disponibilidad duplicated', 'a:7:{s:2:"id";i:595;s:6:"inicio";s:19:"2015-04-08 14:00:00";s:3:"fin";s:19:"2015-04-08 18:00:00";s:10:"disponible";i:1;s:10:"usuario_id";i:17;s:4:"fijo";i:0;s:5:"hasta";s:10:"2015-06-28";}', 595, '2015-04-08 11:26:34', '2015-04-08 11:26:34'),
(439, 1, 'Disponibilidad duplicated', 'a:7:{s:2:"id";i:596;s:6:"inicio";s:19:"2015-04-09 08:00:00";s:3:"fin";s:19:"2015-04-09 12:00:00";s:10:"disponible";i:1;s:10:"usuario_id";i:17;s:4:"fijo";i:0;s:5:"hasta";s:10:"2015-06-28";}', 596, '2015-04-08 11:26:34', '2015-04-08 11:26:34'),
(440, 1, 'Disponibilidad duplicated', 'a:7:{s:2:"id";i:597;s:6:"inicio";s:19:"2015-04-09 14:00:00";s:3:"fin";s:19:"2015-04-09 18:00:00";s:10:"disponible";i:1;s:10:"usuario_id";i:17;s:4:"fijo";i:0;s:5:"hasta";s:10:"2015-06-28";}', 597, '2015-04-08 11:26:34', '2015-04-08 11:26:34'),
(441, 1, 'Disponibilidad duplicated', 'a:7:{s:2:"id";i:598;s:6:"inicio";s:19:"2015-04-10 08:00:00";s:3:"fin";s:19:"2015-04-10 12:00:00";s:10:"disponible";i:1;s:10:"usuario_id";i:17;s:4:"fijo";i:0;s:5:"hasta";s:10:"2015-06-28";}', 598, '2015-04-08 11:26:34', '2015-04-08 11:26:34'),
(442, 1, 'Disponibilidad duplicated', 'a:7:{s:2:"id";i:599;s:6:"inicio";s:19:"2015-04-10 14:00:00";s:3:"fin";s:19:"2015-04-10 18:00:00";s:10:"disponible";i:1;s:10:"usuario_id";i:17;s:4:"fijo";i:0;s:5:"hasta";s:10:"2015-06-28";}', 599, '2015-04-08 11:26:35', '2015-04-08 11:26:35'),
(443, 1, 'User created', 'a:4:{s:6:"nombre";s:9:"yhernadez";s:10:"updated_at";s:19:"2015-04-08 11:28:31";s:10:"created_at";s:19:"2015-04-08 11:28:31";s:2:"id";i:19;}', 19, '2015-04-08 11:28:32', '2015-04-08 11:28:32'),
(444, 14, 'Paciente created', 'a:12:{s:6:"nombre";s:7:"Yoreidi";s:8:"apellido";s:9:"Hernandez";s:4:"tdni";s:1:"V";s:3:"dni";s:9:"V-6515740";s:16:"fecha_nacimiento";s:10:"1968-07-13";s:4:"sexo";i:0;s:12:"estado_civil";s:1:"0";s:9:"direccion";s:0:"";s:10:"usuario_id";i:14;s:10:"updated_at";s:19:"2015-04-08 11:31:07";s:10:"created_at";s:19:"2015-04-08 11:31:07";s:2:"id";i:18;}', 18, '2015-04-08 11:31:07', '2015-04-08 11:31:07'),
(445, 1, 'Disponibilidad created', 'a:4:{s:2:"id";i:710;s:6:"inicio";s:19:"2015-04-08 10:30:00";s:3:"fin";s:19:"2015-04-08 18:00:00";s:10:"usuario_id";s:2:"14";}', 710, '2015-04-08 11:32:40', '2015-04-08 11:32:40'),
(446, 1, 'Disponibilidad created', 'a:4:{s:2:"id";i:711;s:6:"inicio";s:19:"2015-04-09 10:30:00";s:3:"fin";s:19:"2015-04-09 18:00:00";s:10:"usuario_id";s:2:"14";}', 711, '2015-04-08 11:32:43', '2015-04-08 11:32:43'),
(447, 1, 'Disponibilidad duplicated', 'a:7:{s:2:"id";i:710;s:6:"inicio";s:19:"2015-04-08 10:30:00";s:3:"fin";s:19:"2015-04-08 18:00:00";s:10:"disponible";i:1;s:10:"usuario_id";i:14;s:4:"fijo";i:0;s:5:"hasta";s:10:"2015-06-28";}', 710, '2015-04-08 11:32:53', '2015-04-08 11:32:53'),
(448, 1, 'Disponibilidad duplicated', 'a:7:{s:2:"id";i:711;s:6:"inicio";s:19:"2015-04-09 10:30:00";s:3:"fin";s:19:"2015-04-09 18:00:00";s:10:"disponible";i:1;s:10:"usuario_id";i:14;s:4:"fijo";i:0;s:5:"hasta";s:10:"2015-06-28";}', 711, '2015-04-08 11:32:54', '2015-04-08 11:32:54'),
(449, 18, 'Paciente created', 'a:11:{s:6:"nombre";s:7:"TATIANA";s:8:"apellido";s:6:"YAÑEZ";s:4:"tdni";s:1:"V";s:3:"dni";s:9:"V-9690320";s:16:"fecha_nacimiento";s:0:"";s:4:"sexo";i:0;s:12:"estado_civil";s:1:"0";s:9:"direccion";s:0:"";s:10:"updated_at";s:19:"2015-04-08 11:45:38";s:10:"created_at";s:19:"2015-04-08 11:45:38";s:2:"id";i:19;}', 19, '2015-04-08 11:45:38', '2015-04-08 11:45:38'),
(450, 1, 'Servicio edited', 'a:5:{s:2:"id";i:96;s:6:"nombre";s:6:"Facial";s:11:"descripcion";s:9:"Con Robot";s:8:"duracion";s:1:"0";s:21:"categoria_servicio_id";s:1:"4";}', 96, '2015-04-08 11:49:07', '2015-04-08 11:49:07'),
(451, 1, 'Servicio edited', 'a:5:{s:2:"id";i:97;s:6:"nombre";s:6:"Facial";s:11:"descripcion";s:13:"Con Dermocell";s:8:"duracion";s:3:"120";s:21:"categoria_servicio_id";s:1:"4";}', 97, '2015-04-08 11:49:20', '2015-04-08 11:49:20'),
(452, 18, 'Cita created', 'a:10:{s:5:"fecha";s:10:"2015-04-09";s:11:"hora_inicio";s:19:"2015-04-09 09:00:00";s:8:"hora_fin";s:19:"2015-04-09 11:00:00";s:9:"doctor_id";s:1:"5";s:11:"paciente_id";s:2:"19";s:11:"servicio_id";s:2:"97";s:14:"consultorio_id";s:1:"5";s:10:"updated_at";s:19:"2015-04-08 11:50:59";s:10:"created_at";s:19:"2015-04-08 11:50:59";s:2:"id";i:16;}', 16, '2015-04-08 11:50:59', '2015-04-08 11:50:59'),
(453, 1, 'User edited', 'a:6:{s:2:"id";i:17;s:6:"nombre";s:7:"klezama";s:6:"activo";i:1;s:5:"admin";i:1;s:10:"created_at";s:19:"2015-04-08 00:33:01";s:10:"updated_at";s:19:"2015-04-08 00:54:20";}', 17, '2015-04-08 11:54:36', '2015-04-08 11:54:36'),
(454, 1, 'User edited', 'a:6:{s:2:"id";i:17;s:6:"nombre";s:7:"klezama";s:6:"activo";i:1;s:5:"admin";i:1;s:10:"created_at";s:19:"2015-04-08 00:33:01";s:10:"updated_at";s:19:"2015-04-08 11:54:35";}', 17, '2015-04-08 11:56:38', '2015-04-08 11:56:38'),
(455, 17, 'Paciente created', 'a:11:{s:6:"nombre";s:3:"ALI";s:8:"apellido";s:6:"SAHELI";s:4:"tdni";s:1:"V";s:3:"dni";s:10:"V-16614695";s:16:"fecha_nacimiento";s:0:"";s:4:"sexo";i:1;s:12:"estado_civil";s:1:"1";s:9:"direccion";s:0:"";s:10:"updated_at";s:19:"2015-04-08 11:59:14";s:10:"created_at";s:19:"2015-04-08 11:59:14";s:2:"id";i:20;}', 20, '2015-04-08 11:59:15', '2015-04-08 11:59:15'),
(456, 17, 'Cita created', 'a:10:{s:5:"fecha";s:10:"2015-04-09";s:11:"hora_inicio";s:19:"2015-04-09 08:00:00";s:8:"hora_fin";s:19:"2015-04-09 09:00:00";s:9:"doctor_id";s:1:"5";s:11:"paciente_id";s:2:"20";s:11:"servicio_id";s:1:"5";s:14:"consultorio_id";s:1:"4";s:10:"updated_at";s:19:"2015-04-08 11:59:49";s:10:"created_at";s:19:"2015-04-08 11:59:49";s:2:"id";i:17;}', 17, '2015-04-08 11:59:49', '2015-04-08 11:59:49'),
(457, 17, 'Paciente created', 'a:11:{s:6:"nombre";s:5:"SONIA";s:8:"apellido";s:6:"TORRES";s:4:"tdni";s:1:"V";s:3:"dni";s:10:"V-22832440";s:16:"fecha_nacimiento";s:0:"";s:4:"sexo";i:0;s:12:"estado_civil";s:1:"0";s:9:"direccion";s:0:"";s:10:"updated_at";s:19:"2015-04-08 12:03:05";s:10:"created_at";s:19:"2015-04-08 12:03:05";s:2:"id";i:21;}', 21, '2015-04-08 12:03:05', '2015-04-08 12:03:05'),
(458, 17, 'Cita created', 'a:10:{s:5:"fecha";s:10:"2015-04-09";s:11:"hora_inicio";s:19:"2015-04-09 08:00:00";s:8:"hora_fin";s:19:"2015-04-09 08:30:00";s:9:"doctor_id";s:1:"7";s:11:"paciente_id";s:2:"21";s:11:"servicio_id";s:2:"88";s:14:"consultorio_id";s:1:"8";s:10:"updated_at";s:19:"2015-04-08 12:03:46";s:10:"created_at";s:19:"2015-04-08 12:03:46";s:2:"id";i:18;}', 18, '2015-04-08 12:03:46', '2015-04-08 12:03:46'),
(459, 17, 'Cita created', 'a:10:{s:5:"fecha";s:10:"2015-04-09";s:11:"hora_inicio";s:19:"2015-04-09 08:40:00";s:8:"hora_fin";s:19:"2015-04-09 09:10:00";s:9:"doctor_id";s:1:"7";s:11:"paciente_id";s:2:"21";s:11:"servicio_id";s:2:"89";s:14:"consultorio_id";s:1:"8";s:10:"updated_at";s:19:"2015-04-08 12:07:21";s:10:"created_at";s:19:"2015-04-08 12:07:21";s:2:"id";i:19;}', 19, '2015-04-08 12:07:21', '2015-04-08 12:07:21'),
(460, 17, 'Cita deleted', 'a:11:{s:2:"id";i:19;s:5:"fecha";s:10:"2015-04-09";s:11:"hora_inicio";s:19:"2015-04-09 08:40:00";s:8:"hora_fin";s:19:"2015-04-09 09:10:00";s:6:"estado";i:0;s:9:"doctor_id";i:7;s:11:"paciente_id";i:21;s:11:"servicio_id";i:89;s:14:"consultorio_id";i:8;s:10:"created_at";s:19:"2015-04-08 12:07:21";s:10:"updated_at";s:19:"2015-04-08 12:07:21";}', 19, '2015-04-08 12:07:27', '2015-04-08 12:07:27'),
(461, 17, 'Cita created', 'a:10:{s:5:"fecha";s:10:"2015-04-09";s:11:"hora_inicio";s:19:"2015-04-09 08:30:00";s:8:"hora_fin";s:19:"2015-04-09 09:00:00";s:9:"doctor_id";s:1:"7";s:11:"paciente_id";s:2:"21";s:11:"servicio_id";s:2:"89";s:14:"consultorio_id";s:1:"8";s:10:"updated_at";s:19:"2015-04-08 12:07:53";s:10:"created_at";s:19:"2015-04-08 12:07:53";s:2:"id";i:20;}', 20, '2015-04-08 12:07:53', '2015-04-08 12:07:53'),
(462, 17, 'Cita created', 'a:10:{s:5:"fecha";s:10:"2015-04-09";s:11:"hora_inicio";s:19:"2015-04-09 09:00:00";s:8:"hora_fin";s:19:"2015-04-09 10:00:00";s:9:"doctor_id";s:1:"7";s:11:"paciente_id";s:2:"21";s:11:"servicio_id";s:2:"92";s:14:"consultorio_id";s:1:"8";s:10:"updated_at";s:19:"2015-04-08 12:10:01";s:10:"created_at";s:19:"2015-04-08 12:10:01";s:2:"id";i:21;}', 21, '2015-04-08 12:10:01', '2015-04-08 12:10:01'),
(463, 17, 'Paciente created', 'a:11:{s:6:"nombre";s:9:"MARIELISA";s:8:"apellido";s:10:"DE ANDRADE";s:4:"tdni";s:1:"V";s:3:"dni";s:10:"V-19093258";s:16:"fecha_nacimiento";s:0:"";s:4:"sexo";i:0;s:12:"estado_civil";s:1:"0";s:9:"direccion";s:0:"";s:10:"updated_at";s:19:"2015-04-08 12:11:28";s:10:"created_at";s:19:"2015-04-08 12:11:28";s:2:"id";i:22;}', 22, '2015-04-08 12:11:28', '2015-04-08 12:11:28'),
(464, 17, 'Cita created', 'a:10:{s:5:"fecha";s:10:"2015-04-09";s:11:"hora_inicio";s:19:"2015-04-09 16:00:00";s:8:"hora_fin";s:19:"2015-04-09 17:00:00";s:9:"doctor_id";s:1:"7";s:11:"paciente_id";s:2:"22";s:11:"servicio_id";s:2:"92";s:14:"consultorio_id";s:1:"8";s:10:"updated_at";s:19:"2015-04-08 12:11:42";s:10:"created_at";s:19:"2015-04-08 12:11:42";s:2:"id";i:22;}', 22, '2015-04-08 12:11:42', '2015-04-08 12:11:42'),
(465, 17, 'Cita edited', 'a:11:{s:2:"id";i:22;s:5:"fecha";s:10:"2015-04-09";s:11:"hora_inicio";s:19:"2015-04-09 16:00:00";s:8:"hora_fin";s:19:"2015-04-09 16:00:00";s:6:"estado";i:0;s:9:"doctor_id";s:1:"7";s:11:"paciente_id";s:2:"22";s:11:"servicio_id";s:2:"96";s:14:"consultorio_id";s:2:"12";s:10:"created_at";s:19:"2015-04-08 12:11:42";s:10:"updated_at";s:19:"2015-04-08 12:11:42";}', 22, '2015-04-08 12:12:08', '2015-04-08 12:12:08'),
(466, 18, 'Paciente created', 'a:11:{s:6:"nombre";s:7:"DESIREE";s:8:"apellido";s:5:"LAREZ";s:4:"tdni";s:1:"V";s:3:"dni";s:10:"V-13646671";s:16:"fecha_nacimiento";s:0:"";s:4:"sexo";i:0;s:12:"estado_civil";s:1:"0";s:9:"direccion";s:0:"";s:10:"updated_at";s:19:"2015-04-08 12:29:42";s:10:"created_at";s:19:"2015-04-08 12:29:42";s:2:"id";i:23;}', 23, '2015-04-08 12:29:42', '2015-04-08 12:29:42'),
(467, 18, 'Cita created', 'a:10:{s:5:"fecha";s:10:"2015-04-09";s:11:"hora_inicio";s:19:"2015-04-09 14:30:00";s:8:"hora_fin";s:19:"2015-04-09 15:30:00";s:9:"doctor_id";s:2:"12";s:11:"paciente_id";s:2:"23";s:11:"servicio_id";s:1:"5";s:14:"consultorio_id";s:1:"4";s:10:"updated_at";s:19:"2015-04-08 12:30:13";s:10:"created_at";s:19:"2015-04-08 12:30:13";s:2:"id";i:23;}', 23, '2015-04-08 12:30:13', '2015-04-08 12:30:13'),
(468, 18, 'Paciente created', 'a:11:{s:6:"nombre";s:6:"XAVIER";s:8:"apellido";s:4:"SICA";s:4:"tdni";s:1:"V";s:3:"dni";s:11:"V-180304447";s:16:"fecha_nacimiento";s:0:"";s:4:"sexo";i:0;s:12:"estado_civil";s:1:"0";s:9:"direccion";s:0:"";s:10:"updated_at";s:19:"2015-04-08 12:36:08";s:10:"created_at";s:19:"2015-04-08 12:36:08";s:2:"id";i:24;}', 24, '2015-04-08 12:36:08', '2015-04-08 12:36:08'),
(469, 18, 'Cita created', 'a:10:{s:5:"fecha";s:10:"2015-04-09";s:11:"hora_inicio";s:19:"2015-04-09 10:30:00";s:8:"hora_fin";s:19:"2015-04-09 11:30:00";s:9:"doctor_id";s:2:"11";s:11:"paciente_id";s:2:"24";s:11:"servicio_id";s:1:"5";s:14:"consultorio_id";s:1:"4";s:10:"updated_at";s:19:"2015-04-08 12:36:44";s:10:"created_at";s:19:"2015-04-08 12:36:44";s:2:"id";i:24;}', 24, '2015-04-08 12:36:44', '2015-04-08 12:36:44'),
(470, 18, 'Cita created', 'a:10:{s:5:"fecha";s:10:"2015-04-09";s:11:"hora_inicio";s:19:"2015-04-09 11:40:00";s:8:"hora_fin";s:19:"2015-04-09 12:10:00";s:9:"doctor_id";s:2:"11";s:11:"paciente_id";s:2:"24";s:11:"servicio_id";s:2:"11";s:14:"consultorio_id";s:1:"4";s:10:"updated_at";s:19:"2015-04-08 12:38:38";s:10:"created_at";s:19:"2015-04-08 12:38:38";s:2:"id";i:25;}', 25, '2015-04-08 12:38:38', '2015-04-08 12:38:38'),
(471, 18, 'Cita created', 'a:10:{s:5:"fecha";s:10:"2015-04-09";s:11:"hora_inicio";s:19:"2015-04-09 09:50:00";s:8:"hora_fin";s:19:"2015-04-09 10:20:00";s:9:"doctor_id";s:2:"11";s:11:"paciente_id";s:2:"24";s:11:"servicio_id";s:2:"11";s:14:"consultorio_id";s:1:"4";s:10:"updated_at";s:19:"2015-04-08 12:38:49";s:10:"created_at";s:19:"2015-04-08 12:38:49";s:2:"id";i:26;}', 26, '2015-04-08 12:38:49', '2015-04-08 12:38:49'),
(472, 18, 'Cita changed_state', 'a:11:{s:2:"id";i:26;s:5:"fecha";s:10:"2015-04-09";s:11:"hora_inicio";s:19:"2015-04-09 09:50:00";s:8:"hora_fin";s:19:"2015-04-09 10:20:00";s:6:"estado";i:3;s:9:"doctor_id";i:11;s:11:"paciente_id";i:24;s:11:"servicio_id";i:11;s:14:"consultorio_id";i:4;s:10:"created_at";s:19:"2015-04-08 12:38:49";s:10:"updated_at";s:19:"2015-04-08 12:38:49";}', 26, '2015-04-08 12:39:28', '2015-04-08 12:39:28'),
(473, 18, 'Paciente created', 'a:11:{s:6:"nombre";s:8:"VICTORIA";s:8:"apellido";s:10:"HERNNANDEZ";s:4:"tdni";s:1:"V";s:3:"dni";s:9:"V-3504770";s:16:"fecha_nacimiento";s:0:"";s:4:"sexo";i:0;s:12:"estado_civil";s:1:"0";s:9:"direccion";s:0:"";s:10:"updated_at";s:19:"2015-04-08 12:41:28";s:10:"created_at";s:19:"2015-04-08 12:41:28";s:2:"id";i:25;}', 25, '2015-04-08 12:41:28', '2015-04-08 12:41:28'),
(474, 1, 'Cita changed_state', 'a:12:{s:2:"id";i:12;s:5:"fecha";s:10:"2015-04-15";s:11:"hora_inicio";s:19:"2015-04-15 14:00:00";s:8:"hora_fin";s:19:"2015-04-15 14:30:00";s:6:"estado";i:3;s:9:"doctor_id";i:5;s:11:"paciente_id";i:13;s:11:"servicio_id";i:89;s:14:"consultorio_id";i:11;s:10:"usuario_id";N;s:10:"created_at";s:19:"2015-04-08 10:47:34";s:10:"updated_at";s:19:"2015-04-08 10:54:22";}', 12, '2015-04-08 22:02:37', '2015-04-08 22:02:37'),
(475, 1, 'Cita edited', 'a:12:{s:2:"id";i:25;s:5:"fecha";s:10:"2015-04-10";s:11:"hora_inicio";s:19:"2015-04-10 15:30:00";s:8:"hora_fin";s:19:"2015-04-10 16:00:00";s:6:"estado";i:0;s:9:"doctor_id";i:11;s:11:"paciente_id";i:24;s:11:"servicio_id";i:11;s:14:"consultorio_id";i:4;s:10:"usuario_id";i:18;s:10:"created_at";s:19:"2015-04-08 12:38:38";s:10:"updated_at";s:19:"2015-04-08 12:38:38";}', 25, '2015-04-08 23:56:16', '2015-04-08 23:56:16'),
(476, 1, 'Cita created', 'a:11:{s:5:"fecha";s:10:"2015-04-09";s:11:"hora_inicio";s:19:"2015-04-09 16:00:00";s:8:"hora_fin";s:19:"2015-04-09 16:30:00";s:9:"doctor_id";s:2:"12";s:11:"paciente_id";s:2:"15";s:11:"servicio_id";s:2:"65";s:14:"consultorio_id";s:1:"9";s:10:"usuario_id";i:1;s:10:"updated_at";s:19:"2015-04-09 00:10:50";s:10:"created_at";s:19:"2015-04-09 00:10:50";s:2:"id";i:27;}', 27, '2015-04-09 00:10:50', '2015-04-09 00:10:50'),
(477, 1, 'Cita edited', 'a:12:{s:2:"id";i:27;s:5:"fecha";s:10:"2015-04-09";s:11:"hora_inicio";s:19:"2015-04-09 15:50:00";s:8:"hora_fin";s:19:"2015-04-09 16:20:00";s:6:"estado";i:0;s:9:"doctor_id";s:2:"12";s:11:"paciente_id";s:2:"15";s:11:"servicio_id";s:2:"65";s:14:"consultorio_id";s:1:"9";s:10:"usuario_id";i:1;s:10:"created_at";s:19:"2015-04-09 00:10:50";s:10:"updated_at";s:19:"2015-04-09 00:10:50";}', 27, '2015-04-09 00:28:42', '2015-04-09 00:28:42'),
(478, 1, 'Cita edited', 'a:12:{s:2:"id";i:27;s:5:"fecha";s:10:"2015-04-09";s:11:"hora_inicio";s:19:"2015-04-09 16:00:00";s:8:"hora_fin";s:19:"2015-04-09 16:30:00";s:6:"estado";i:0;s:9:"doctor_id";i:12;s:11:"paciente_id";i:15;s:11:"servicio_id";i:65;s:14:"consultorio_id";i:9;s:10:"usuario_id";i:1;s:10:"created_at";s:19:"2015-04-09 00:10:50";s:10:"updated_at";s:19:"2015-04-09 00:28:42";}', 27, '2015-04-09 00:29:16', '2015-04-09 00:29:16'),
(479, 1, 'Cita edited', 'a:12:{s:2:"id";i:27;s:5:"fecha";s:10:"2015-04-09";s:11:"hora_inicio";s:19:"2015-04-09 15:50:00";s:8:"hora_fin";s:19:"2015-04-09 16:20:00";s:6:"estado";i:0;s:9:"doctor_id";i:12;s:11:"paciente_id";i:15;s:11:"servicio_id";i:65;s:14:"consultorio_id";i:9;s:10:"usuario_id";i:1;s:10:"created_at";s:19:"2015-04-09 00:10:50";s:10:"updated_at";s:19:"2015-04-09 00:29:16";}', 27, '2015-04-09 00:29:21', '2015-04-09 00:29:21'),
(480, 1, 'Cita deleted', 'a:12:{s:2:"id";i:27;s:5:"fecha";s:10:"2015-04-09";s:11:"hora_inicio";s:19:"2015-04-09 15:50:00";s:8:"hora_fin";s:19:"2015-04-09 16:20:00";s:6:"estado";i:0;s:9:"doctor_id";i:12;s:11:"paciente_id";i:15;s:11:"servicio_id";i:65;s:14:"consultorio_id";i:9;s:10:"usuario_id";i:1;s:10:"created_at";s:19:"2015-04-09 00:10:50";s:10:"updated_at";s:19:"2015-04-09 00:29:21";}', 27, '2015-04-09 00:30:37', '2015-04-09 00:30:37');

-- --------------------------------------------------------

--
-- Table structure for table `nota`
--

CREATE TABLE IF NOT EXISTS `nota` (
  `id` int(11) NOT NULL AUTO_INCREMENT,
  `contenido` varchar(512) DEFAULT NULL,
  `cita_id` bigint(19) unsigned NOT NULL,
  `created_at` datetime DEFAULT NULL,
  `updated_at` datetime DEFAULT NULL,
  PRIMARY KEY (`id`),
  KEY `fk_nota_cita1_idx` (`cita_id`)
) ENGINE=InnoDB  DEFAULT CHARSET=utf8 AUTO_INCREMENT=2 ;

--
-- Dumping data for table `nota`
--

INSERT INTO `nota` (`id`, `contenido`, `cita_id`, `created_at`, `updated_at`) VALUES
(1, 'Cancelada', 12, '2015-04-08 10:49:53', '2015-04-08 10:51:19');

-- --------------------------------------------------------

--
-- Table structure for table `paciente`
--

CREATE TABLE IF NOT EXISTS `paciente` (
  `id` int(10) unsigned NOT NULL AUTO_INCREMENT,
  `nombre` varchar(45) NOT NULL,
  `apellido` varchar(45) NOT NULL,
  `dni` varchar(10) NOT NULL,
  `tdni` char(1) DEFAULT 'V',
  `fecha_nacimiento` date DEFAULT NULL,
  `sexo` tinyint(1) DEFAULT NULL,
  `estado_civil` tinyint(1) unsigned DEFAULT '0' COMMENT '0: Soltero, 1: Casado, 2:Divorciado, 3:Viudo',
  `direccion` varchar(255) DEFAULT NULL,
  `avatar` varchar(63) DEFAULT NULL,
  `created_at` datetime DEFAULT NULL,
  `updated_at` datetime DEFAULT NULL,
  `usuario_id` int(10) unsigned DEFAULT NULL,
  PRIMARY KEY (`id`),
  UNIQUE KEY `dni_UNIQUE` (`dni`),
  KEY `fk_paciente_usuario1_idx` (`usuario_id`)
) ENGINE=InnoDB  DEFAULT CHARSET=utf8 AUTO_INCREMENT=26 ;

--
-- Dumping data for table `paciente`
--

INSERT INTO `paciente` (`id`, `nombre`, `apellido`, `dni`, `tdni`, `fecha_nacimiento`, `sexo`, `estado_civil`, `direccion`, `avatar`, `created_at`, `updated_at`, `usuario_id`) VALUES
(5, 'MAIRALIS', 'MARTINEZ', '14905509', 'V', '1984-09-13', 0, 0, '', NULL, '2015-04-08 00:25:18', '2015-04-08 00:25:18', 5),
(6, 'OSMARY', 'SERRANO', '16164277', 'V', '1984-09-06', 0, 0, '', NULL, '2015-04-08 00:37:03', '2015-04-08 00:37:03', 6),
(7, 'MARIA TERESA', 'CARABALLO', '14725258', 'V', '1980-08-12', 0, 0, '', NULL, '2015-04-08 00:38:56', '2015-04-08 00:38:56', 7),
(8, 'MARGARETH', 'ZERPA', '15185543', 'V', '1981-07-16', 0, 0, '', NULL, '2015-04-08 00:40:32', '2015-04-08 00:40:50', 8),
(9, 'YENESCA', 'MONTILLA', '24890207', 'V', '1995-07-30', 0, 0, '', NULL, '2015-04-08 00:42:24', '2015-04-08 00:42:24', 9),
(10, 'HILDA', 'PARRA', '6225099', 'V', '1966-07-03', 0, 0, '', NULL, '2015-04-08 00:43:59', '2015-04-08 00:43:59', 10),
(11, 'MIGCELIS', 'MARAY', '15335078', 'V', '1980-09-24', 0, 0, '', NULL, '2015-04-08 00:45:23', '2015-04-08 00:45:23', 11),
(12, 'ELIZOBETH', 'GONZALEZ', '12893100', 'V', '1971-01-11', 0, 0, '', NULL, '2015-04-08 00:46:50', '2015-04-08 00:46:50', 12),
(13, 'GLADYS', 'OTERO', '14088394', 'V', '1970-08-30', 0, 0, '', NULL, '2015-04-08 00:48:10', '2015-04-08 00:48:10', 13),
(14, 'MAYZE', 'MONTES', '11176705', 'V', '1974-02-02', 0, 0, '', NULL, '2015-04-08 00:50:54', '2015-04-08 00:50:54', 15),
(15, 'MARIA GUADALUPE', 'ARDILLA', '17812193', 'V', '1987-08-28', 0, 0, '', NULL, '2015-04-08 00:52:26', '2015-04-08 00:52:26', 16),
(16, 'KATHERINE', 'LEZAMA', '18786873', 'V', '1989-09-28', 0, 0, '', NULL, '2015-04-08 00:54:14', '2015-04-08 00:54:14', 17),
(17, 'Simone', 'Vandeneynde', '15136720', 'V', '1964-04-29', 0, 0, 'Villa Granada', NULL, '2015-04-08 09:55:43', '2015-04-08 09:55:43', 18),
(18, 'Yoreidi', 'Hernandez', '6515740', 'V', '1968-07-13', 0, 0, '', NULL, '2015-04-08 11:31:07', '2015-04-08 11:31:07', 14),
(19, 'TATIANA', 'YAÑEZ', '9690320', 'V', '0000-00-00', 0, 0, '', NULL, '2015-04-08 11:45:38', '2015-04-08 11:45:38', NULL),
(20, 'ALI', 'SAHELI', '16614695', 'V', '0000-00-00', 1, 1, '', NULL, '2015-04-08 11:59:14', '2015-04-08 11:59:14', NULL),
(21, 'SONIA', 'TORRES', '22832440', 'V', '0000-00-00', 0, 0, '', NULL, '2015-04-08 12:03:05', '2015-04-08 12:03:05', NULL),
(22, 'MARIELISA', 'DE ANDRADE', '19093258', 'V', '0000-00-00', 0, 0, '', NULL, '2015-04-08 12:11:28', '2015-04-08 12:11:28', NULL),
(23, 'DESIREE', 'LAREZ', '13646671', 'V', '0000-00-00', 0, 0, '', NULL, '2015-04-08 12:29:42', '2015-04-08 12:29:42', NULL),
(24, 'XAVIER', 'SICA', '180304447', 'V', '0000-00-00', 0, 0, '', NULL, '2015-04-08 12:36:08', '2015-04-08 12:36:08', NULL),
(25, 'VICTORIA', 'HERNNANDEZ', '3504770', 'V', '0000-00-00', 0, 0, '', NULL, '2015-04-08 12:41:28', '2015-04-08 12:41:28', NULL);

-- --------------------------------------------------------

--
-- Table structure for table `paciente_tipo_contacto`
--

CREATE TABLE IF NOT EXISTS `paciente_tipo_contacto` (
  `id` int(11) NOT NULL AUTO_INCREMENT,
  `paciente_id` int(10) unsigned NOT NULL,
  `tipo_contacto_id` int(10) unsigned NOT NULL,
  `contacto` varchar(80) NOT NULL,
  PRIMARY KEY (`id`),
  KEY `fk_paciente_tipo_contacto_tipo_contacto1_idx` (`tipo_contacto_id`)
) ENGINE=InnoDB  DEFAULT CHARSET=utf8 AUTO_INCREMENT=34 ;

--
-- Dumping data for table `paciente_tipo_contacto`
--

INSERT INTO `paciente_tipo_contacto` (`id`, `paciente_id`, `tipo_contacto_id`, `contacto`) VALUES
(1, 1, 1, '04249440972'),
(2, 1, 2, 'afleming@mail.com'),
(3, 3, 2, 'labebita903@mail.com'),
(4, 5, 1, '0416-787.29.48'),
(5, 5, 2, 'mairalismartinez@hotmail.com'),
(6, 6, 1, '0424-949.50.53'),
(7, 6, 2, 'puerto_oslake06@hotmail.com'),
(8, 7, 1, '0412-942.85.46'),
(9, 8, 1, '0412-091.10.86'),
(10, 9, 1, '0414-542.95.85'),
(11, 9, 2, 'yenesca.a@hotmail.com'),
(12, 10, 1, '0426-541.64.21'),
(13, 11, 1, '0414-991.24.57'),
(14, 12, 1, '0414-874.83.72'),
(15, 13, 1, '0416-103.16.49'),
(16, 14, 1, '0424-935.25.84'),
(17, 14, 1, '951.67.08'),
(18, 14, 2, 'mayzemontes@hotmail.com'),
(19, 15, 1, '0412-837.75.48'),
(20, 15, 2, 'mariaguadalupeardila@gmail.com'),
(21, 16, 1, '0424-954.54.14'),
(22, 16, 2, 'katheglz28@gmail.com'),
(23, 17, 1, '0414-8766441'),
(24, 17, 2, 's.vandeneynde@hotmail.com'),
(25, 18, 1, '0414-094.84.09'),
(26, 18, 2, 'yoyiherandezs@hotmail.com'),
(27, 19, 1, '04123427101'),
(28, 20, 1, '04265944703'),
(29, 21, 1, '04148701288'),
(30, 22, 1, '04249346223'),
(31, 23, 1, '04148728289'),
(32, 24, 1, '04148686631'),
(33, 25, 1, '04129796726');

-- --------------------------------------------------------

--
-- Table structure for table `paciente_tipo_pariente`
--

CREATE TABLE IF NOT EXISTS `paciente_tipo_pariente` (
  `id` int(11) NOT NULL AUTO_INCREMENT,
  `tipo_pariente_id` int(11) NOT NULL,
  `paciente_id` int(10) unsigned NOT NULL,
  `pariente_id` int(10) unsigned NOT NULL,
  PRIMARY KEY (`id`),
  KEY `fk_paciente_has_tipo_pariente_tipo_pariente1_idx` (`tipo_pariente_id`),
  KEY `fk_paciente_has_tipo_pariente_paciente2_idx` (`paciente_id`)
) ENGINE=InnoDB DEFAULT CHARSET=utf8 AUTO_INCREMENT=1 ;

-- --------------------------------------------------------

--
-- Table structure for table `paquete`
--

CREATE TABLE IF NOT EXISTS `paquete` (
  `id` int(11) NOT NULL AUTO_INCREMENT,
  `nombre` varchar(45) NOT NULL,
  `descripcion` varchar(255) DEFAULT NULL,
  PRIMARY KEY (`id`)
) ENGINE=InnoDB DEFAULT CHARSET=utf8 AUTO_INCREMENT=1 ;

-- --------------------------------------------------------

--
-- Table structure for table `paquete_servicio`
--

CREATE TABLE IF NOT EXISTS `paquete_servicio` (
  `paquete_id` int(11) NOT NULL,
  `servicio_id` int(11) NOT NULL,
  PRIMARY KEY (`paquete_id`,`servicio_id`),
  KEY `fk_paquete_servicio_servicio1_idx` (`servicio_id`)
) ENGINE=InnoDB DEFAULT CHARSET=utf8;

-- --------------------------------------------------------

--
-- Table structure for table `rol`
--

CREATE TABLE IF NOT EXISTS `rol` (
  `id` int(10) unsigned NOT NULL AUTO_INCREMENT,
  `nombre` varchar(45) NOT NULL,
  `descripcion` varchar(255) DEFAULT NULL,
  PRIMARY KEY (`id`)
) ENGINE=InnoDB  DEFAULT CHARSET=utf8 AUTO_INCREMENT=4 ;

--
-- Dumping data for table `rol`
--

INSERT INTO `rol` (`id`, `nombre`, `descripcion`) VALUES
(1, 'doctor', NULL),
(2, 'recepcionista', NULL),
(3, 'paciente', NULL);

-- --------------------------------------------------------

--
-- Table structure for table `servicio`
--

CREATE TABLE IF NOT EXISTS `servicio` (
  `id` int(11) NOT NULL AUTO_INCREMENT,
  `nombre` varchar(45) NOT NULL,
  `descripcion` varchar(255) DEFAULT NULL,
  `duracion` int(10) unsigned DEFAULT NULL,
  `categoria_servicio_id` int(11) DEFAULT NULL,
  `anidable` tinyint(1) DEFAULT '0',
  PRIMARY KEY (`id`),
  KEY `fk_servicio_categoria_servicio1_idx` (`categoria_servicio_id`)
) ENGINE=InnoDB  DEFAULT CHARSET=utf8 AUTO_INCREMENT=112 ;

--
-- Dumping data for table `servicio`
--

INSERT INTO `servicio` (`id`, `nombre`, `descripcion`, `duracion`, `categoria_servicio_id`, `anidable`) VALUES
(3, 'Facial', 'Facial Con Maximuss', 60, 4, 0),
(4, 'Facial', 'Facial con Freeze', 60, 4, 0),
(5, 'Corporal', 'Corporal con Maximuss', 60, 5, 0),
(6, 'Corporal', 'Corporal con Freeze', 60, 5, 0),
(7, 'Ultracavitacion', 'Ultracavitacion con cavitacell', 30, 5, 0),
(8, 'Biogym', '', 30, 5, 0),
(9, 'Plataforma Vibrante', '', 60, 5, 0),
(10, 'Ultrasonido', '', 30, 5, 0),
(11, 'Drenaje Linfatico Localizado', '', 30, 5, 0),
(12, 'Drenaje Linfatico Completo', '', 120, 5, 0),
(13, 'Masaje Moldeador', '', 40, 7, 0),
(14, 'Depilacion Laser Axilas', 'Con Gentlemaxpro', 30, 6, 0),
(15, 'Depilacion Laser Bikini', 'Con Gentlemaxpro', 30, 6, 0),
(16, 'Depilacion Laser 1/2 Pierna', 'Con Gentlemaxpro', 40, 6, 0),
(17, 'Depilacion Laser Pierna Completa', 'Con Gentlemaxpro', 80, 6, 0),
(18, 'Depilacion Laser Abdomen', 'Con Gentlemaxpro', 60, 6, 0),
(19, 'Depilacion Laser Muslos', 'Con Gentlemaxpro', 40, 6, 0),
(20, 'Depilacion Laser Pecho', 'Con Gentlemaxpro', 40, 6, 0),
(21, 'Depilacion Laser Entre Pecho', 'Con Gentlemaxpro', 30, 6, 0),
(22, 'Depilacion Laser Espalda', 'Con Gentlemaxpro', 80, 6, 0),
(23, 'Depilacion Laser Gluteos', 'Con Gentlemaxpro', 60, 6, 0),
(24, 'Depilacion Laser Pubis', 'Con Gentlemaxpro', 30, 6, 0),
(25, 'Depilacion Laser Genital Caballeros', 'Con Gentlemaxpro', 60, 6, 0),
(26, 'Depilacion Laser Brazo Completo', 'Con Gentlemaxpro', 40, 6, 0),
(27, 'Depilacion Laser 1/2 Brazo', 'Con Gentlemaxpro', 30, 6, 0),
(28, 'Depilacion Laser Manos', 'Con Gentlemaxpro', 20, 6, 0),
(29, 'Depilacion Laser Pies', 'Con Gentlemaxpro', 20, 6, 0),
(30, 'Depilacion Laser Cara Completa', 'Con Gentlemaxpro', 40, 6, 0),
(31, 'Depilacion Laser Cara 1 Zona', 'Con Gentlemaxpro', 30, 6, 0),
(32, 'Depilacion Laser Barba', 'Con Gentlemaxpro', 60, 6, 0),
(33, 'Fotorejuvenecimiento', '', 60, 4, 0),
(34, 'Depilacion Laser Axilas', 'Con Fotona', 30, 6, 0),
(35, 'Depilacion Laser Bikini', 'Con Fotona', 30, 6, 0),
(36, 'Depilacion Laser 1/2 Pierna', 'Con Fotona', 40, 6, 0),
(37, 'Depilacion Laser Pierna Completa', 'Con Fotona', 80, 6, 0),
(38, 'Depilacion Laser Abdomen', 'Con Fotona', 60, 6, 0),
(39, 'Depilacion Laser Muslos', 'Con Fotona', 40, 6, 0),
(40, 'Depilacion Laser Pecho', 'Con Fotona', 40, 6, 0),
(41, 'Depilacion Laser Entre Pecho', 'Con Fotona', 30, 6, 0),
(42, 'Depilacion Laser Espalda', 'Con Fotona', 80, 6, 0),
(43, 'Depilacion Laser Gluteos', 'Con Fotona', 60, 6, 0),
(44, 'Depilacion Laser Pubis', 'Con Fotona', 30, 6, 0),
(45, 'Depilacion Laser Genital Caballeros', 'Con Fotona', 60, 6, 0),
(46, 'Depilacion Laser Brazo Completo', 'Con Fotona', 40, 6, 0),
(47, 'Depilacion Laser 1/2 Brazo', 'Con Fotona', 30, 6, 0),
(48, 'Depilacion Laser Manos', 'Con Fotona', 20, 6, 0),
(49, 'Depilacion Laser Pies', 'Con Fotona', 20, 6, 0),
(50, 'Depilacion Laser Cara Completa', 'Con Fotona', 40, 6, 0),
(51, 'Depilacion Laser Cara 1 Zona', 'Con Fotona', 30, 6, 0),
(52, 'Depilacion Laser Barba', 'Con Fotona', 60, 6, 0),
(53, 'Depilacion IPL Axilas', 'Con IPL Dermocell', 20, 6, 0),
(54, 'Depilacion IPL Bikini', 'Con IPL Dermocell', 20, 6, 0),
(55, 'Depilacion Pubis', 'Con IPL Dermocell', 30, 6, 0),
(56, 'Depilacion IPL Genital Caballero', 'Con IPL Dermocell', 30, 6, 0),
(57, 'Depilacion IPL 1/2 Pierna', 'Con IPL Dermocell', 40, 6, 0),
(58, 'Depilacion IPL Muslos', 'Con IPL Dermocell', 30, 6, 0),
(59, 'Depilacion IPL Abdomen', 'Con IPL Dermocell', 30, 6, 0),
(60, 'Depilacion IPL Pecho', 'Con IPL Dermocell', 30, 6, 0),
(61, 'Depilacion IPL Espalda Alta', 'Con IPL Dermocell', 30, 6, 0),
(62, 'Depilacion IPL Espalda Baja', 'Con IPL Dermocell', 30, 6, 0),
(63, 'Depilacion IPL Gluteos', 'Con IPL Dermocell', 40, 6, 0),
(64, 'Depilacion IPL Barba', 'Con IPL Dermocell', 40, 6, 0),
(65, 'Fotorejuvenecimiento', 'Con IPL Dermocell', 30, 4, 0),
(66, 'Vascular Area Grande', 'Con IPL Dermocell', 30, 4, 0),
(67, 'Vascular Area Pequeña', 'Con IPL Dermocell', 30, 4, 0),
(68, 'Acne Tratamiento', 'Con IPL Dermocell', 30, 4, 0),
(69, 'Melasma', 'Con IPL Dermocell', 30, 4, 0),
(70, 'Depilacion Para Cejas', '', 30, 4, 0),
(71, 'Depilacion Cera Bozo', '', 20, 6, 0),
(72, 'Depilacion Cera Menton', '', 20, 6, 0),
(73, 'Depilacion Cera Frente', '', 20, 6, 0),
(75, 'Depilacion Cera Axilas', '', 30, 6, 0),
(76, 'Depilacion Cera Linea Bikini', '', 30, 6, 0),
(77, 'Depilacion Cera Bikini Completa', '', 30, 6, 0),
(78, 'Depilacion Cera Gluteos', '', 30, 6, 0),
(79, 'Depilacion Cera 1/2 Pierna', '', 30, 6, 0),
(80, 'Depilacion Cera Pierna Completa', '', 60, 6, 0),
(81, 'Depilacion Cera Brazo Completo', '', 40, 6, 0),
(82, 'Depilacion Cera Media Espalda', '', 30, 6, 0),
(83, 'Depilacion Cera Espalda Completa', '', 60, 6, 0),
(84, 'Depilacion Cera Pecho', '', 40, 6, 0),
(85, 'Depilacion Cera Abdomen', '', 40, 6, 0),
(86, 'Terapia Bienestar', '', 60, 7, 0),
(87, 'Terapia Drenante', '', 60, 7, 0),
(88, 'Exfoliacion Corporal', '', 30, 7, 0),
(89, 'Hidratacion Corporal', '', 30, 5, 0),
(90, 'Fangoterapia', '', 30, 7, 0),
(91, 'Chocolaterapia', '', 30, 7, 0),
(92, 'Masaje Relajante', '', 60, 7, 0),
(93, 'Masaje Piedras Calientes', '', 60, 7, 0),
(94, 'Masaje Descontracturante', '', 40, 7, 0),
(95, 'Facial Relax', '', 30, 7, 0),
(96, 'Facial', 'Con Robot', 0, 4, 0),
(97, 'Facial', 'Con Dermocell', 120, 4, 0),
(98, 'Tratamiento Soñado Spa 5 Estrellas', '', 120, 7, 0),
(99, 'Fast Slimming', '', 120, 7, 0),
(100, 'Tratamiento Algas Marinas', '', 90, 7, 0),
(101, 'Timexpert Rejuvenecedor Vitamina C', '', 90, 4, 0),
(102, 'Corrector de Lineas y Arrugas Rides', '', 90, 4, 0),
(103, 'Hidratacion Efecto Lift', '', 90, 4, 0),
(104, 'Corrector Manchas Timexpert White', '', 90, 4, 0),
(105, 'Hidratacion Acido Hialuronico', '', 90, 4, 0),
(106, 'Hidratacion Jalea Real', '', 90, 4, 0),
(107, 'Limpieza Piel Acneica', '', 120, 4, 0),
(108, 'Silver - Gold Lifting Facial', '', 90, 4, 0),
(109, 'Rejuvenecimiento Rubi', '', 90, 4, 0),
(110, 'Microdermoabrasion Facial', 'Con Robot', 30, 4, 0),
(111, 'Microdermoabrasion Corporal', 'Con Robot', 60, 5, 0);

-- --------------------------------------------------------

--
-- Stand-in structure for view `servicios_equipos`
--
CREATE TABLE IF NOT EXISTS `servicios_equipos` (
`id` int(11)
,`nombre` varchar(45)
,`descripcion` varchar(255)
,`duracion` int(10) unsigned
,`equipos` varchar(45)
,`categoria_id` int(11)
);
-- --------------------------------------------------------

--
-- Table structure for table `servicio_usuario`
--

CREATE TABLE IF NOT EXISTS `servicio_usuario` (
  `servicio_id` int(11) NOT NULL,
  `usuario_id` int(10) unsigned NOT NULL,
  PRIMARY KEY (`servicio_id`,`usuario_id`),
  KEY `fk_servicio_usuario_servicio1_idx` (`servicio_id`),
  KEY `fk_servicio_usuario_usuario1_idx` (`usuario_id`)
) ENGINE=InnoDB DEFAULT CHARSET=utf8;

-- --------------------------------------------------------

--
-- Table structure for table `tipo_contacto`
--

CREATE TABLE IF NOT EXISTS `tipo_contacto` (
  `id` int(10) unsigned NOT NULL AUTO_INCREMENT,
  `tipo` varchar(20) DEFAULT NULL,
  PRIMARY KEY (`id`)
) ENGINE=InnoDB  DEFAULT CHARSET=utf8 AUTO_INCREMENT=3 ;

--
-- Dumping data for table `tipo_contacto`
--

INSERT INTO `tipo_contacto` (`id`, `tipo`) VALUES
(1, 'phone'),
(2, 'email');

-- --------------------------------------------------------

--
-- Table structure for table `tipo_pariente`
--

CREATE TABLE IF NOT EXISTS `tipo_pariente` (
  `id` int(11) NOT NULL AUTO_INCREMENT,
  `parentesco_m` varchar(45) NOT NULL,
  `parentesco_f` varchar(45) NOT NULL,
  `reciproco` int(11) DEFAULT NULL,
  PRIMARY KEY (`id`),
  UNIQUE KEY `parentesco_UNIQUE` (`parentesco_m`),
  UNIQUE KEY `parentesco_f_UNIQUE` (`parentesco_f`)
) ENGINE=InnoDB DEFAULT CHARSET=utf8 AUTO_INCREMENT=1 ;

-- --------------------------------------------------------

--
-- Table structure for table `usuario`
--

CREATE TABLE IF NOT EXISTS `usuario` (
  `id` int(10) unsigned NOT NULL AUTO_INCREMENT,
  `nombre` varchar(255) NOT NULL,
  `password` varchar(60) NOT NULL,
  `contrasena_tmp` varchar(60) DEFAULT NULL COMMENT 'Contraseña temporal que se usará en caso de olvido de la contraseña.',
  `activo` tinyint(1) NOT NULL DEFAULT '1',
  `admin` tinyint(1) NOT NULL DEFAULT '0',
  `remember_token` varchar(60) DEFAULT NULL COMMENT 'Código usado para asegurar el ingreso al sistema automaticamente cuando el usuario elige la opción de Recordar. (auto)',
  `created_at` datetime DEFAULT NULL COMMENT 'Fecha de registro (auto)',
  `updated_at` datetime DEFAULT NULL COMMENT 'Fecha de actualización de datos (auto)',
  PRIMARY KEY (`id`)
) ENGINE=InnoDB  DEFAULT CHARSET=utf8 AUTO_INCREMENT=20 ;

--
-- Dumping data for table `usuario`
--

INSERT INTO `usuario` (`id`, `nombre`, `password`, `contrasena_tmp`, `activo`, `admin`, `remember_token`, `created_at`, `updated_at`) VALUES
(1, 'admin', '$2y$10$SPk9qASck2p7d87YGfLY1eNcJNUUzASa/gvjiIz/wdPqbg7zNgVsi', NULL, 1, 1, 'a5HI6FerRZ4uJGCODKuT3CILdmHtg5KnXuXywrO8r4i1B0JIOA1y9qZDOAlt', '2014-09-07 15:41:41', '2015-04-05 23:07:35'),
(2, 'recepcionista', '$2y$10$6Qg8heatLXeylcHpHUJimedtiTJ1uMYWEG1jDJem/XYT7RSNbW01y', NULL, 1, 0, 'NQG8OhlpkzIoLdrFKisyD2KYbp42uXIrIsCmHidcSqajtpdmG9b4kf22MZ4u', '2015-03-28 20:40:21', '2015-04-05 23:26:21'),
(3, 'terapeuta', '$2y$10$3sjoyiQt/a36uBAHo.Hp3eNQL7qx5oPXBZO27kBmKMCkBdMprw4b.', NULL, 1, 0, 'zbcxZSsWA2fmwE6uuFhMNmX9KYkg60Sbzana2kUrOQ0kghOY2Xkpht7MQ2fd', '2015-03-28 20:44:45', '2015-04-05 23:07:44'),
(4, '', '$2y$10$yltJLKemlTCPoiEakDusQOaIhtLppsZI/MuGaHu9Po/Pj8odK0jzK', NULL, 1, 0, NULL, '2015-03-29 17:13:31', '2015-03-29 17:13:31'),
(5, 'mmartinez', '$2y$10$GHydsTpafZFQwTEKY.Bmeu3prPaxywoBmrAB6RV2ROtvxb7OSptmi', NULL, 1, 0, 'UVXg5zBb1jQtI0t3mbR8GEP9scqv3CchRSGk1ZnUejwEGSHmcka89mu1QcYe', '2015-04-08 00:21:49', '2015-04-08 00:25:52'),
(6, 'oserrano', '$2y$10$FUZeEiW2FmGFJ/.KDKBMd.Wz.PyIcjWYlAK2GWY7a9bI42RhdBcna', NULL, 1, 0, 'S4OzUwNXsK9mAapBiIi8aiWujIAhfnnIDBDWbSoLClEZhieTH3dK2OojdBP3', '2015-04-08 00:27:00', '2015-04-08 00:37:27'),
(7, 'mtcaraballo', '$2y$10$4UOVAwSMk7F.uTrQWaj5UekN3rFrIkLVQKQvMAphF/0kYywAndUPu', NULL, 1, 0, 'dOS65KKckLoipfVCyU4qXVygw3jrSQPP1rkJELdrfL0JFUHuJ04XdBdeJGTD', '2015-04-08 00:27:38', '2015-04-08 00:39:00'),
(8, 'mzerpa', '$2y$10$YjN5ehrjhP2cWNPZo5EZhu2uvs0mZQtDPj53aHkCjYZ/gsNK3LW1C', NULL, 1, 0, 'QgffNTEeGyeQr8lBChJTelw3kBlIeYzy1j6GuC3O8CMNpEv1QhJw6jko2ACQ', '2015-04-08 00:28:12', '2015-04-08 00:40:55'),
(9, 'ymontilla', '$2y$10$zt2K5JcypleSQK7R.EeR0.gJ8gyVnHv7I7uIlfd8fRjlNMymhF0Ne', NULL, 1, 0, '3HPIE3ztp11qSDn50m7Ma9U1rlpkjRVzL6dRGCftseTNQFPUUmpA9ayazc0W', '2015-04-08 00:28:50', '2015-04-08 00:42:29'),
(10, 'hparra', '$2y$10$A8CMdjBeoiig/gUnQ2fOyuSYjzuTUtvfihQWumPxGN2h/0MXn9RzS', NULL, 1, 0, 'pckv2YNIHgdHO3sIvBPwfjP37Z39VaNAh2aPkwlbmN497PsMdVQyLWeO1wC9', '2015-04-08 00:29:19', '2015-04-08 00:44:04'),
(11, 'mmaray', '$2y$10$PEYhaU1CkuwjU2c67kPq4uJp45Nov3PNBp7R5SW5FxJI7LYiWoiIa', NULL, 1, 0, 'aKKzxXzQmTvxVSGksnBA44jdsthIP5H42KdVXFQSGxMgPh1yUZUI6jdQMABc', '2015-04-08 00:29:57', '2015-04-08 00:45:27'),
(12, 'egonzalez', '$2y$10$.8HcL63Rng6UuwqoM24GyuyPBIW1WkxJS6aR0nHDCEGk1aXB6nh/.', NULL, 1, 0, 'BxlRAhXnXEoXTBShgqRb59VuXMQB5FJV5TioyJQaUlyMQ9lIf7dYmEzyNSEX', '2015-04-08 00:30:27', '2015-04-08 00:47:04'),
(13, 'gotero', '$2y$10$lTm5A1PL4Z4pmF6DOwnWpeRDmm5nOH0U5f3A7uSF0RrC4Wg9wNIYi', NULL, 1, 0, '01zNW8xUI22WXsNWfsB9oBL88jKtb07shiShe4TqXIPUiT3GqU5t67CiYWoq', '2015-04-08 00:30:58', '2015-04-08 00:48:15'),
(14, 'yhernandez', '$2y$10$eIR2VpuwBM0VBBtR2cq1FeG2oU3qmZLQImhwSi7KowgB0mHpXnnWG', NULL, 1, 0, '8peZJp5xYkmOny9TXRzZcxE3RoFzka3LVEYZUHglmtMPgzSkinFERUar840H', '2015-04-08 00:31:31', '2015-04-08 11:31:56'),
(15, 'mmontes', '$2y$10$b2BXrK1DKHzkh6734xqKzOnhRzD7X3tPKl/a1PGtQgct5R.vJ5RAi', NULL, 1, 0, '9mf63VbCgbs2k6A7csKLctPmZywGmXzhFyXeWGtFgMWDSOFGQbMgo72FFZty', '2015-04-08 00:32:07', '2015-04-08 00:50:59'),
(16, 'mgardilla', '$2y$10$1EG0w9oh6RfbvjG8rrgu1.0aFWGyh5Irm./zQtgecJjaO7NG75QNi', NULL, 1, 0, 'oYeZx6MgLAOvU7QoIBQs0TOj83615Uti270fLrIf7kIirtYpPdl74gvfNw9j', '2015-04-08 00:32:32', '2015-04-08 00:52:34'),
(17, 'klezama', '$2y$10$LXFbPVyXxc9RzexzvrSqVuvjh6wzXzCz4BGkAVHuueEDC1KkyYY.W', NULL, 1, 1, 'iQIOzL6zuGXVE4gQ9oHqEfwLzaOZoeF6YoV2S3CFGEHk7eKi39ySAtn2c1Bc', '2015-04-08 00:33:01', '2015-04-08 12:22:32'),
(18, 'svandeneynde', '$2y$10$705V0PnIefMynEUn/5ZGtOcgOSOnvzGfDGUa6YiXyX9YepRYTSAxS', NULL, 1, 0, 'vqNsWZTnkDtEXuCjVfwbFJFdvPDx4ZcahJExjClbI3lbf0sjaVgPlhttIG1P', '2015-04-08 09:52:39', '2015-04-08 11:51:38'),
(19, 'yhernadez', '$2y$10$hmx0b9VGE4pL34IDwDeiEOQcLQY8sI7q01ZB34Fs5fYxkdbe0Lm8S', NULL, 1, 0, NULL, '2015-04-08 11:28:31', '2015-04-08 11:28:31');

-- --------------------------------------------------------

--
-- Table structure for table `usuario_rol`
--

CREATE TABLE IF NOT EXISTS `usuario_rol` (
  `usuario_id` int(10) unsigned NOT NULL,
  `rol_id` int(10) unsigned NOT NULL,
  PRIMARY KEY (`usuario_id`,`rol_id`),
  KEY `fk_usuario_rol_rol1_idx` (`rol_id`)
) ENGINE=InnoDB DEFAULT CHARSET=utf8;

--
-- Dumping data for table `usuario_rol`
--

INSERT INTO `usuario_rol` (`usuario_id`, `rol_id`) VALUES
(3, 1),
(4, 1),
(5, 1),
(6, 1),
(7, 1),
(8, 1),
(9, 1),
(10, 1),
(11, 1),
(12, 1),
(13, 1),
(14, 1),
(15, 1),
(16, 1),
(17, 1),
(19, 1),
(2, 2),
(17, 2),
(18, 2),
(17, 3);

-- --------------------------------------------------------

--
-- Structure for view `citas`
--
DROP TABLE IF EXISTS `citas`;

CREATE ALGORITHM=UNDEFINED DEFINER=`root`@`localhost` SQL SECURITY DEFINER VIEW `citas` AS select `c`.`id` AS `id`,`c`.`fecha` AS `fecha`,`c`.`hora_inicio` AS `hora_inicio`,`c`.`hora_fin` AS `hora_fin`,`c`.`estado` AS `estado`,`p`.`nombre` AS `nombre_paciente`,`p`.`apellido` AS `apellido_paciente`,`p`.`dni` AS `cedula_paciente`,`d`.`nombre` AS `nombre_doctor`,`d`.`apellido` AS `apellido_doctor`,`d`.`dni` AS `cedula_doctor` from (((`cita` `c` join `paciente` `p` on((`c`.`paciente_id` = `p`.`id`))) join `usuario` `u` on((`c`.`doctor_id` = `u`.`id`))) join `paciente` `d` on((`d`.`usuario_id` = `u`.`id`)));

-- --------------------------------------------------------

--
-- Structure for view `doctor`
--
DROP TABLE IF EXISTS `doctor`;

CREATE ALGORITHM=UNDEFINED DEFINER=`root`@`localhost` SQL SECURITY DEFINER VIEW `doctor` AS select `p`.`nombre` AS `nombre`,`p`.`apellido` AS `apellido`,`p`.`dni` AS `dni`,sum((case when ((`c`.`estado` = 1) and (`c`.`fecha` = date_format(now(),'%Y-%m-%d'))) then 1 else 0 end)) AS `atendidos`,sum((case when (((`c`.`estado` = 2) or (`c`.`estado` = 0)) and (`c`.`fecha` = date_format(now(),'%Y-%m-%d'))) then 1 else 0 end)) AS `pendientes`,`u`.`id` AS `usuario_id`,`p`.`avatar` AS `avatar` from (((`usuario` `u` join `usuario_rol` `r` on((`r`.`usuario_id` = `u`.`id`))) join `paciente` `p` on((`p`.`usuario_id` = `u`.`id`))) left join `cita` `c` on((`c`.`doctor_id` = `u`.`id`))) where (`r`.`rol_id` = 1) group by `p`.`id`;

-- --------------------------------------------------------

--
-- Structure for view `servicios_equipos`
--
DROP TABLE IF EXISTS `servicios_equipos`;

CREATE ALGORITHM=UNDEFINED DEFINER=`root`@`localhost` SQL SECURITY DEFINER VIEW `servicios_equipos` AS select `s`.`id` AS `id`,`s`.`nombre` AS `nombre`,`s`.`descripcion` AS `descripcion`,`s`.`duracion` AS `duracion`,`e`.`nombre` AS `equipos`,`s`.`categoria_servicio_id` AS `categoria_id` from ((`servicio` `s` left join `equipo_servicio` `es` on((`s`.`id` = `es`.`servicio_id`))) left join `equipo` `e` on((`es`.`equipo_id` = `e`.`id`))) group by `s`.`id`;

--
-- Constraints for dumped tables
--

--
-- Constraints for table `cita`
--
ALTER TABLE `cita`
  ADD CONSTRAINT `fk_cita_consultorio1` FOREIGN KEY (`consultorio_id`) REFERENCES `consultorio` (`id`) ON DELETE CASCADE ON UPDATE NO ACTION,
  ADD CONSTRAINT `fk_cita_paciente1` FOREIGN KEY (`paciente_id`) REFERENCES `paciente` (`id`) ON DELETE CASCADE ON UPDATE NO ACTION,
  ADD CONSTRAINT `fk_cita_servicio1` FOREIGN KEY (`servicio_id`) REFERENCES `servicio` (`id`) ON DELETE CASCADE ON UPDATE NO ACTION,
  ADD CONSTRAINT `fk_cita_usuario1` FOREIGN KEY (`doctor_id`) REFERENCES `usuario` (`id`) ON DELETE CASCADE ON UPDATE NO ACTION;

--
-- Constraints for table `consultorio`
--
ALTER TABLE `consultorio`
  ADD CONSTRAINT `fk_consultorio_area1` FOREIGN KEY (`area_id`) REFERENCES `area` (`id`) ON DELETE CASCADE ON UPDATE NO ACTION;

--
-- Constraints for table `consultorio_servicio`
--
ALTER TABLE `consultorio_servicio`
  ADD CONSTRAINT `fk_consultorio_servicio_consultorio1` FOREIGN KEY (`consultorio_id`) REFERENCES `consultorio` (`id`) ON DELETE NO ACTION ON UPDATE CASCADE,
  ADD CONSTRAINT `fk_consultorio_servicio_servicio1` FOREIGN KEY (`servicio_id`) REFERENCES `servicio` (`id`) ON DELETE CASCADE ON UPDATE NO ACTION;

--
-- Constraints for table `disponibilidad`
--
ALTER TABLE `disponibilidad`
  ADD CONSTRAINT `fk_disponibilidad_usuario1` FOREIGN KEY (`usuario_id`) REFERENCES `usuario` (`id`) ON DELETE NO ACTION ON UPDATE NO ACTION;

--
-- Constraints for table `equipo_servicio`
--
ALTER TABLE `equipo_servicio`
  ADD CONSTRAINT `fk_equipo_servicio_equipo1` FOREIGN KEY (`equipo_id`) REFERENCES `equipo` (`id`) ON DELETE CASCADE ON UPDATE NO ACTION,
  ADD CONSTRAINT `fk_equipo_servicio_servicio1` FOREIGN KEY (`servicio_id`) REFERENCES `servicio` (`id`) ON DELETE CASCADE ON UPDATE NO ACTION;

--
-- Constraints for table `nota`
--
ALTER TABLE `nota`
  ADD CONSTRAINT `fk_nota_cita1` FOREIGN KEY (`cita_id`) REFERENCES `cita` (`id`) ON DELETE CASCADE ON UPDATE NO ACTION;

--
-- Constraints for table `paciente`
--
ALTER TABLE `paciente`
  ADD CONSTRAINT `fk_paciente_usuario1` FOREIGN KEY (`usuario_id`) REFERENCES `usuario` (`id`) ON DELETE SET NULL ON UPDATE NO ACTION;

--
-- Constraints for table `paciente_tipo_contacto`
--
ALTER TABLE `paciente_tipo_contacto`
  ADD CONSTRAINT `fk_paciente_tipo_contacto_paciente1` FOREIGN KEY (`paciente_id`) REFERENCES `paciente` (`id`) ON DELETE NO ACTION ON UPDATE NO ACTION,
  ADD CONSTRAINT `fk_paciente_tipo_contacto_tipo_contacto1` FOREIGN KEY (`tipo_contacto_id`) REFERENCES `tipo_contacto` (`id`) ON DELETE NO ACTION ON UPDATE NO ACTION;

--
-- Constraints for table `paciente_tipo_pariente`
--
ALTER TABLE `paciente_tipo_pariente`
  ADD CONSTRAINT `fk_paciente_has_tipo_pariente_paciente2` FOREIGN KEY (`paciente_id`) REFERENCES `paciente` (`id`) ON DELETE CASCADE ON UPDATE NO ACTION,
  ADD CONSTRAINT `fk_paciente_has_tipo_pariente_tipo_pariente1` FOREIGN KEY (`tipo_pariente_id`) REFERENCES `tipo_pariente` (`id`) ON DELETE CASCADE ON UPDATE NO ACTION;

--
-- Constraints for table `paquete_servicio`
--
ALTER TABLE `paquete_servicio`
  ADD CONSTRAINT `fk_paquete_servicio_paquete1` FOREIGN KEY (`paquete_id`) REFERENCES `paquete` (`id`) ON DELETE NO ACTION ON UPDATE NO ACTION,
  ADD CONSTRAINT `fk_paquete_servicio_servicio1` FOREIGN KEY (`servicio_id`) REFERENCES `servicio` (`id`) ON DELETE NO ACTION ON UPDATE NO ACTION;

--
-- Constraints for table `servicio`
--
ALTER TABLE `servicio`
  ADD CONSTRAINT `fk_servicio_categoria_servicio1` FOREIGN KEY (`categoria_servicio_id`) REFERENCES `categoria_servicio` (`id`) ON DELETE NO ACTION ON UPDATE NO ACTION;

--
-- Constraints for table `servicio_usuario`
--
ALTER TABLE `servicio_usuario`
  ADD CONSTRAINT `fk_servicio_usuario_servicio1` FOREIGN KEY (`servicio_id`) REFERENCES `servicio` (`id`) ON DELETE NO ACTION ON UPDATE NO ACTION,
  ADD CONSTRAINT `fk_servicio_usuario_usuario1` FOREIGN KEY (`usuario_id`) REFERENCES `usuario` (`id`) ON DELETE NO ACTION ON UPDATE NO ACTION;

--
-- Constraints for table `usuario_rol`
--
ALTER TABLE `usuario_rol`
  ADD CONSTRAINT `fk_usuario_rol_rol1` FOREIGN KEY (`rol_id`) REFERENCES `rol` (`id`) ON DELETE CASCADE ON UPDATE NO ACTION,
  ADD CONSTRAINT `fk_usuario_rol_usuario` FOREIGN KEY (`usuario_id`) REFERENCES `usuario` (`id`) ON DELETE CASCADE ON UPDATE NO ACTION;

/*!40101 SET CHARACTER_SET_CLIENT=@OLD_CHARACTER_SET_CLIENT */;
/*!40101 SET CHARACTER_SET_RESULTS=@OLD_CHARACTER_SET_RESULTS */;
/*!40101 SET COLLATION_CONNECTION=@OLD_COLLATION_CONNECTION */;
